[Akku SDK][INFO] Akku SDK v3.6.0 loaded
[Akku SDK][INFO] Starting generation: SF 로봇 전사, 메탈릭 블루 아머
[Akku SDK][INFO] Executing tool: clear_scene
DEBUG: Starting clear_scene
[Akku SDK][INFO] Step 'clear_scene': SUCCESS
  Data: {
  "duration_ms": 0.27751922607421875,
  "mesh_stats": null
}
[Akku SDK][INFO] Executing tool: import_base_mesh
DEBUG: Starting import_base_mesh
FBX version: 7700
[Akku SDK][INFO] Imported FBX: /home/composerkil/akku-engine/assets/base_meshes/Y_Bot.fbx
[Akku SDK][INFO] Step 'import_base_mesh': SUCCESS
  Data: {
  "duration_ms": 778.7344455718994,
  "mesh_stats": {
    "vertex_count": 10514,
    "face_count": 11120,
    "triangle_count": 20840,
    "edge_count": 21540,
    "material_count": 1,
    "bounds_min": [
      -0.9452752470970154,
      -0.1396786868572235,
      0.007688506506383419
    ],
    "bounds_max": [
      0.9452717304229736,
      0.1359248012304306,
      1.598390817642212
    ],
    "height": 1.5907023111358285
  }
}
[Akku SDK][INFO] Executing tool: apply_body_type
DEBUG: Starting apply_body_type
[Akku SDK][INFO] Step 'apply_body_type': SUCCESS
  Data: {
  "duration_ms": 0.08273124694824219,
  "mesh_stats": {
    "vertex_count": 10514,
    "face_count": 11120,
    "triangle_count": 20840,
    "edge_count": 21540,
    "material_count": 1,
    "bounds_min": [
      -0.9452752470970154,
      -0.1396786868572235,
      0.007688506506383419
    ],
    "bounds_max": [
      0.9452717304229736,
      0.1359248012304306,
      1.598390817642212
    ],
    "height": 1.5907023111358285
  }
}
[Akku SDK][INFO] Executing tool: apply_shader
DEBUG: Starting apply_shader
[Akku SDK][INFO] Created stylized material: Akku_Stylized_Alpha_Joints
  Data: {
  "edge_brightness": 0.3,
  "cavity_darkness": 0.35,
  "use_fresnel": true
}
[Akku SDK][INFO] Applied stylized shader to Alpha_Joints
  Data: {
  "style": "stylized"
}
[Akku SDK][INFO] Created stylized material: Akku_Stylized_Alpha_Surface
  Data: {
  "edge_brightness": 0.3,
  "cavity_darkness": 0.35,
  "use_fresnel": true
}
[Akku SDK][INFO] Applied stylized shader to Alpha_Surface
  Data: {
  "style": "stylized"
}
[Akku SDK][INFO] Step 'apply_shader': SUCCESS
  Data: {
  "duration_ms": 4.609823226928711,
  "mesh_stats": {
    "vertex_count": 10514,
    "face_count": 11120,
    "triangle_count": 20840,
    "edge_count": 21540,
    "material_count": 1,
    "bounds_min": [
      -0.9452752470970154,
      -0.1396786868572235,
      0.007688506506383419
    ],
    "bounds_max": [
      0.9452717304229736,
      0.1359248012304306,
      1.598390817642212
    ],
    "height": 1.5907023111358285
  }
}
[Akku SDK][INFO] Executing tool: equip_set
DEBUG: Starting equip_set
Blender 3.4.1
/run/user/1000/gvfs/ non-existent directory
Error: Vertex not in group
Error: Vertex not in group
Error: Vertex not in group
Error: Vertex not in group
Error: Vertex not in group
Error: Vertex not in group
Error: Vertex not in group
Error: Vertex not in group
Error: Vertex not in group
Error: Vertex not in group
Error: Vertex not in group
Error: Vertex not in group
Error: Vertex not in group
Error: Vertex not in group
Error: Vertex not in group
Error: Vertex not in group
Error: Vertex not in group
Error: Vertex not in group
Error: Vertex not in group
Error: Vertex not in group
Error: Vertex not in group
Error: Vertex not in group
Error: Vertex not in group
Error: Vertex not in group
Error: Vertex not in group
Error: Vertex not in group
Error: Vertex not in group
Error: Vertex not in group
Error: Vertex not in group
Error: Vertex not in group
Error: Vertex not in group
Error: Vertex not in group
Error: Vertex not in group
Error: Vertex not in group
Error: Vertex not in group
Error: Vertex not in group
Error: Vertex not in group
Error: Vertex not in group
Error: Vertex not in group
Error: Vertex not in group
Error: Vertex not in group
Error: Vertex not in group
Error: Vertex not in group
Error: Vertex not in group
Error: Vertex not in group
Error: Vertex not in group
Error: Vertex not in group
Error: Vertex not in group
Error: Vertex not in group
Error: Vertex not in group
Error: Vertex not in group
Error: Vertex not in group
Error: Vertex not in group
Error: Vertex not in group
Error: Vertex not in group
Error: Vertex not in group
Error: Vertex not in group
Error: Vertex not in group
Error: Vertex not in group
Error: Vertex not in group
Error: Vertex not in group
Error: Vertex not in group
Error: Vertex not in group
Error: Vertex not in group
Error: Vertex not in group
Error: Vertex not in group
Error: Vertex not in group
Error: Vertex not in group
Error: Vertex not in group
Error: Vertex not in group
Error: Vertex not in group
Error: Vertex not in group
Error: Vertex not in group
Error: Vertex not in group
Error: Vertex not in group
Error: Vertex not in group
Error: Vertex not in group
Error: Vertex not in group
Error: Vertex not in group
Error: Vertex not in group
Error: Vertex not in group
Error: Vertex not in group
Error: Vertex not in group
Error: Vertex not in group
Error: Vertex not in group
Error: Vertex not in group
Error: Vertex not in group
Error: Vertex not in group
Error: Vertex not in group
Error: Vertex not in group
Error: Vertex not in group
Error: Vertex not in group
Error: Vertex not in group
Error: Vertex not in group
Error: Vertex not in group
Error: Vertex not in group
Error: Vertex not in group
Error: Vertex not in group
Error: Vertex not in group
Error: Vertex not in group
Error: Vertex not in group
Error: Vertex not in group
Error: Vertex not in group
Error: Vertex not in group
Error: Vertex not in group
Error: Vertex not in group
Error: Vertex not in group
Error: Vertex not in group
Error: Vertex not in group
Error: Vertex not in group
Error: Vertex not in group
Error: Vertex not in group
Error: Vertex not in group
Error: Vertex not in group
Error: Vertex not in group
Error: Vertex not in group
Error: Vertex not in group
Error: Vertex not in group
Error: Vertex not in group
Error: Vertex not in group
Error: Vertex not in group
Error: Vertex not in group
Error: Vertex not in group
Error: Vertex not in group
Error: Vertex not in group
Error: Vertex not in group
Error: Vertex not in group
Error: Vertex not in group
Error: Vertex not in group
Error: Vertex not in group
Error: Vertex not in group
Error: Vertex not in group
Error: Vertex not in group
Error: Vertex not in group
Error: Vertex not in group
Error: Vertex not in group
Error: Vertex not in group
Error: Vertex not in group
Error: Vertex not in group
Error: Vertex not in group
Error: Vertex not in group
Error: Vertex not in group
Error: Vertex not in group
Error: Vertex not in group
Error: Vertex not in group
Error: Vertex not in group
Error: Vertex not in group
Error: Vertex not in group
Error: Vertex not in group
Error: Vertex not in group
Error: Vertex not in group
Error: Vertex not in group
Error: Vertex not in group
Error: Vertex not in group
Error: Vertex not in group
Error: Vertex not in group
Error: Vertex not in group
Error: Vertex not in group
Error: Vertex not in group
Error: Vertex not in group
Error: Vertex not in group
Error: Vertex not in group
Error: Vertex not in group
Error: Vertex not in group
Error: Vertex not in group
Error: Vertex not in group
Error: Vertex not in group
Error: Vertex not in group
Error: Vertex not in group
Error: Vertex not in group
Error: Vertex not in group
Error: Vertex not in group
Error: Vertex not in group
Error: Vertex not in group
Error: Vertex not in group
Error: Vertex not in group
Error: Vertex not in group
Error: Vertex not in group
Error: Vertex not in group
Error: Vertex not in group
Error: Vertex not in group
Error: Vertex not in group
Error: Vertex not in group
Error: Vertex not in group
Error: Vertex not in group
Error: Vertex not in group
Error: Vertex not in group
Error: Vertex not in group
Error: Vertex not in group
Error: Vertex not in group
Error: Vertex not in group
Error: Vertex not in group
Error: Vertex not in group
Error: Vertex not in group
Error: Vertex not in group
Error: Vertex not in group
Error: Vertex not in group
Error: Vertex not in group
Error: Vertex not in group
Error: Vertex not in group
Error: Vertex not in group
Error: Vertex not in group
Error: Vertex not in group
Error: Vertex not in group
Error: Vertex not in group
Error: Vertex not in group
Error: Vertex not in group
Error: Vertex not in group
Error: Vertex not in group
Error: Vertex not in group
Error: Vertex not in group
Error: Vertex not in group
Error: Vertex not in group
Error: Vertex not in group
Error: Vertex not in group
Error: Vertex not in group
Error: Vertex not in group
Error: Vertex not in group
Error: Vertex not in group
Error: Vertex not in group
Error: Vertex not in group
Error: Vertex not in group
Error: Vertex not in group
Error: Vertex not in group
Error: Vertex not in group
Error: Vertex not in group
Error: Vertex not in group
Error: Vertex not in group
Error: Vertex not in group
Error: Vertex not in group
Error: Vertex not in group
Error: Vertex not in group
Error: Vertex not in group
Error: Vertex not in group
Error: Vertex not in group
Error: Vertex not in group
Error: Vertex not in group
Error: Vertex not in group
Error: Vertex not in group
Error: Vertex not in group
Error: Vertex not in group
Error: Vertex not in group
Error: Vertex not in group
Error: Vertex not in group
Error: Vertex not in group
Error: Vertex not in group
Error: Vertex not in group
Error: Vertex not in group
Error: Vertex not in group
Error: Vertex not in group
Error: Vertex not in group
Error: Vertex not in group
Error: Vertex not in group
Error: Vertex not in group
Error: Vertex not in group
Error: Vertex not in group
Error: Vertex not in group
Error: Vertex not in group
Error: Vertex not in group
Error: Vertex not in group
Error: Vertex not in group
Error: Vertex not in group
Error: Vertex not in group
Error: Vertex not in group
Error: Vertex not in group
Error: Vertex not in group
Error: Vertex not in group
Error: Vertex not in group
Error: Vertex not in group
Error: Vertex not in group
Error: Vertex not in group
Error: Vertex not in group
Error: Vertex not in group
Error: Vertex not in group
Error: Vertex not in group
Error: Vertex not in group
Error: Vertex not in group
Error: Vertex not in group
Error: Vertex not in group
Error: Vertex not in group
Error: Vertex not in group
Error: Vertex not in group
Error: Vertex not in group
Error: Vertex not in group
Error: Vertex not in group
Error: Vertex not in group
Error: Vertex not in group
Error: Vertex not in group
Error: Vertex not in group
Error: Vertex not in group
Error: Vertex not in group
Error: Vertex not in group
Error: Vertex not in group
Error: Vertex not in group
Error: Vertex not in group
Error: Vertex not in group
Error: Vertex not in group
Error: Vertex not in group
Error: Vertex not in group
Error: Vertex not in group
Error: Vertex not in group
Error: Vertex not in group
Error: Vertex not in group
Error: Vertex not in group
Error: Vertex not in group
Error: Vertex not in group
Error: Vertex not in group
Error: Vertex not in group
Error: Vertex not in group
Error: Vertex not in group
Error: Vertex not in group
Error: Vertex not in group
Error: Vertex not in group
Error: Vertex not in group
Error: Vertex not in group
Error: Vertex not in group
Error: Vertex not in group
Error: Vertex not in group
Error: Vertex not in group
Error: Vertex not in group
Error: Vertex not in group
Error: Vertex not in group
Error: Vertex not in group
Error: Vertex not in group
Error: Vertex not in group
Error: Vertex not in group
Error: Vertex not in group
Error: Vertex not in group
Error: Vertex not in group
Error: Vertex not in group
Error: Vertex not in group
Error: Vertex not in group
Error: Vertex not in group
Error: Vertex not in group
Error: Vertex not in group
Error: Vertex not in group
Error: Vertex not in group
Error: Vertex not in group
Error: Vertex not in group
Error: Vertex not in group
Error: Vertex not in group
Error: Vertex not in group
Error: Vertex not in group
Error: Vertex not in group
Error: Vertex not in group
Error: Vertex not in group
Error: Vertex not in group
Error: Vertex not in group
Error: Vertex not in group
Error: Vertex not in group
Error: Vertex not in group
Error: Vertex not in group
Error: Vertex not in group
Error: Vertex not in group
Error: Vertex not in group
Error: Vertex not in group
Error: Vertex not in group
Error: Vertex not in group
Error: Vertex not in group
Error: Vertex not in group
Error: Vertex not in group
Error: Vertex not in group
Error: Vertex not in group
Error: Vertex not in group
Error: Vertex not in group
Error: Vertex not in group
Error: Vertex not in group
Error: Vertex not in group
Error: Vertex not in group
Error: Vertex not in group
Error: Vertex not in group
Error: Vertex not in group
Error: Vertex not in group
Error: Vertex not in group
Error: Vertex not in group
Error: Vertex not in group
Error: Vertex not in group
Error: Vertex not in group
Error: Vertex not in group
Error: Vertex not in group
Error: Vertex not in group
Error: Vertex not in group
Error: Vertex not in group
Error: Vertex not in group
Error: Vertex not in group
Error: Vertex not in group
Error: Vertex not in group
Error: Vertex not in group
Error: Vertex not in group
Error: Vertex not in group
Error: Vertex not in group
Error: Vertex not in group
Error: Vertex not in group
Error: Vertex not in group
Error: Vertex not in group
Error: Vertex not in group
Error: Vertex not in group
Error: Vertex not in group
Error: Vertex not in group
Error: Vertex not in group
Error: Vertex not in group
Error: Vertex not in group
Error: Vertex not in group
Error: Vertex not in group
Error: Vertex not in group
Error: Vertex not in group
Error: Vertex not in group
Error: Vertex not in group
Error: Vertex not in group
Error: Vertex not in group
Error: Vertex not in group
Error: Vertex not in group
Error: Vertex not in group
Error: Vertex not in group
Error: Vertex not in group
Error: Vertex not in group
Error: Vertex not in group
Error: Vertex not in group
Error: Vertex not in group
Error: Vertex not in group
Error: Vertex not in group
Error: Vertex not in group
Error: Vertex not in group
Error: Vertex not in group
Error: Vertex not in group
Error: Vertex not in group
Error: Vertex not in group
Error: Vertex not in group
Error: Vertex not in group
Error: Vertex not in group
Error: Vertex not in group
Error: Vertex not in group
Error: Vertex not in group
Error: Vertex not in group
Error: Vertex not in group
Error: Vertex not in group
Error: Vertex not in group
Error: Vertex not in group
Error: Vertex not in group
Error: Vertex not in group
Error: Vertex not in group
Error: Vertex not in group
Error: Vertex not in group
Error: Vertex not in group
Error: Vertex not in group
Error: Vertex not in group
Error: Vertex not in group
Error: Vertex not in group
Error: Vertex not in group
Error: Vertex not in group
Error: Vertex not in group
Error: Vertex not in group
Error: Vertex not in group
Error: Vertex not in group
Error: Vertex not in group
Error: Vertex not in group
Error: Vertex not in group
Error: Vertex not in group
Error: Vertex not in group
Error: Vertex not in group
Error: Vertex not in group
Error: Vertex not in group
Error: Vertex not in group
Error: Vertex not in group
Error: Vertex not in group
Error: Vertex not in group
Error: Vertex not in group
Error: Vertex not in group
Error: Vertex not in group
Error: Vertex not in group
Error: Vertex not in group
Error: Vertex not in group
Error: Vertex not in group
Error: Vertex not in group
Error: Vertex not in group
Error: Vertex not in group
Error: Vertex not in group
Error: Vertex not in group
Error: Vertex not in group
Error: Vertex not in group
Error: Vertex not in group
Error: Vertex not in group
Error: Vertex not in group
Error: Vertex not in group
Error: Vertex not in group
Error: Vertex not in group
Error: Vertex not in group
Error: Vertex not in group
Error: Vertex not in group
Error: Vertex not in group
Error: Vertex not in group
Error: Vertex not in group
Error: Vertex not in group
Error: Vertex not in group
Error: Vertex not in group
Error: Vertex not in group
Error: Vertex not in group
Error: Vertex not in group
Error: Vertex not in group
Error: Vertex not in group
Error: Vertex not in group
Error: Vertex not in group
Error: Vertex not in group
Error: Vertex not in group
Error: Vertex not in group
Error: Vertex not in group
Error: Vertex not in group
Error: Vertex not in group
Error: Vertex not in group
Error: Vertex not in group
Error: Vertex not in group
Error: Vertex not in group
Error: Vertex not in group
Error: Vertex not in group
Error: Vertex not in group
Error: Vertex not in group
Error: Vertex not in group
Error: Vertex not in group
Error: Vertex not in group
Error: Vertex not in group
Error: Vertex not in group
Error: Vertex not in group
Error: Vertex not in group
Error: Vertex not in group
Error: Vertex not in group
Error: Vertex not in group
Error: Vertex not in group
Error: Vertex not in group
Error: Vertex not in group
Error: Vertex not in group
Error: Vertex not in group
Error: Vertex not in group
Error: Vertex not in group
Error: Vertex not in group
Error: Vertex not in group
Error: Vertex not in group
Error: Vertex not in group
Error: Vertex not in group
Error: Vertex not in group
Error: Vertex not in group
Error: Vertex not in group
Error: Vertex not in group
Error: Vertex not in group
Error: Vertex not in group
Error: Vertex not in group
Error: Vertex not in group
Error: Vertex not in group
Error: Vertex not in group
Error: Vertex not in group
Error: Vertex not in group
Error: Vertex not in group
Error: Vertex not in group
Error: Vertex not in group
Error: Vertex not in group
Error: Vertex not in group
Error: Vertex not in group
Error: Vertex not in group
Error: Vertex not in group
Error: Vertex not in group
Error: Vertex not in group
Error: Vertex not in group
Error: Vertex not in group
Error: Vertex not in group
Error: Vertex not in group
Error: Vertex not in group
Error: Vertex not in group
Error: Vertex not in group
Error: Vertex not in group
Error: Vertex not in group
Error: Vertex not in group
Error: Vertex not in group
Error: Vertex not in group
Error: Vertex not in group
Error: Vertex not in group
Error: Vertex not in group
Error: Vertex not in group
Error: Vertex not in group
Error: Vertex not in group
Error: Vertex not in group
Error: Vertex not in group
Error: Vertex not in group
Error: Vertex not in group
Error: Vertex not in group
Error: Vertex not in group
Error: Vertex not in group
Error: Vertex not in group
Error: Vertex not in group
Error: Vertex not in group
Error: Vertex not in group
Error: Vertex not in group
Error: Vertex not in group
Error: Vertex not in group
Error: Vertex not in group
Error: Vertex not in group
Error: Vertex not in group
Error: Vertex not in group
Error: Vertex not in group
Error: Vertex not in group
Error: Vertex not in group
Error: Vertex not in group
Error: Vertex not in group
Error: Vertex not in group
Error: Vertex not in group
Error: Vertex not in group
Error: Vertex not in group
Error: Vertex not in group
Error: Vertex not in group
Error: Vertex not in group
Error: Vertex not in group
Error: Vertex not in group
Error: Vertex not in group
Error: Vertex not in group
Error: Vertex not in group
Error: Vertex not in group
Error: Vertex not in group
Error: Vertex not in group
Error: Vertex not in group
Error: Vertex not in group
Error: Vertex not in group
Error: Vertex not in group
Error: Vertex not in group
Error: Vertex not in group
Error: Vertex not in group
Error: Vertex not in group
Error: Vertex not in group
Error: Vertex not in group
Error: Vertex not in group
Error: Vertex not in group
Error: Vertex not in group
Error: Vertex not in group
Error: Vertex not in group
Error: Vertex not in group
Error: Vertex not in group
Error: Vertex not in group
Error: Vertex not in group
Error: Vertex not in group
Error: Vertex not in group
Error: Vertex not in group
Error: Vertex not in group
Error: Vertex not in group
Error: Vertex not in group
Error: Vertex not in group
Error: Vertex not in group
Error: Vertex not in group
Error: Vertex not in group
Error: Vertex not in group
Error: Vertex not in group
Error: Vertex not in group
Error: Vertex not in group
Error: Vertex not in group
Error: Vertex not in group
Error: Vertex not in group
Error: Vertex not in group
Error: Vertex not in group
Error: Vertex not in group
Error: Vertex not in group
Error: Vertex not in group
Error: Vertex not in group
Error: Vertex not in group
Error: Vertex not in group
Error: Vertex not in group
Error: Vertex not in group
Error: Vertex not in group
Error: Vertex not in group
Error: Vertex not in group
Error: Vertex not in group
Error: Vertex not in group
Error: Vertex not in group
Error: Vertex not in group
Error: Vertex not in group
Error: Vertex not in group
Error: Vertex not in group
Error: Vertex not in group
Error: Vertex not in group
Error: Vertex not in group
Error: Vertex not in group
Error: Vertex not in group
Error: Vertex not in group
Error: Vertex not in group
Error: Vertex not in group
Error: Vertex not in group
Error: Vertex not in group
Error: Vertex not in group
Error: Vertex not in group
Error: Vertex not in group
Error: Vertex not in group
Error: Vertex not in group
Error: Vertex not in group
Error: Vertex not in group
Error: Vertex not in group
Error: Vertex not in group
Error: Vertex not in group
Error: Vertex not in group
Error: Vertex not in group
Error: Vertex not in group
Error: Vertex not in group
Error: Vertex not in group
Error: Vertex not in group
Error: Vertex not in group
Error: Vertex not in group
Error: Vertex not in group
Error: Vertex not in group
Error: Vertex not in group
Error: Vertex not in group
Error: Vertex not in group
Error: Vertex not in group
Error: Vertex not in group
Error: Vertex not in group
Error: Vertex not in group
Error: Vertex not in group
Error: Vertex not in group
Error: Vertex not in group
Error: Vertex not in group
Error: Vertex not in group
Error: Vertex not in group
Error: Vertex not in group
Error: Vertex not in group
Error: Vertex not in group
Error: Vertex not in group
Error: Vertex not in group
Error: Vertex not in group
Error: Vertex not in group
Error: Vertex not in group
Error: Vertex not in group
Error: Vertex not in group
Error: Vertex not in group
Error: Vertex not in group
Error: Vertex not in group
Error: Vertex not in group
Error: Vertex not in group
Error: Vertex not in group
Error: Vertex not in group
Error: Vertex not in group
Error: Vertex not in group
Error: Vertex not in group
Error: Vertex not in group
Error: Vertex not in group
Error: Vertex not in group
Error: Vertex not in group
Error: Vertex not in group
Error: Vertex not in group
Error: Vertex not in group
Error: Vertex not in group
Error: Vertex not in group
Error: Vertex not in group
Error: Vertex not in group
Error: Vertex not in group
Error: Vertex not in group
Error: Vertex not in group
Error: Vertex not in group
Error: Vertex not in group
Error: Vertex not in group
Error: Vertex not in group
Error: Vertex not in group
Error: Vertex not in group
Error: Vertex not in group
Error: Vertex not in group
Error: Vertex not in group
Error: Vertex not in group
Error: Vertex not in group
Error: Vertex not in group
Error: Vertex not in group
Error: Vertex not in group
Error: Vertex not in group
Error: Vertex not in group
Error: Vertex not in group
Error: Vertex not in group
Error: Vertex not in group
Error: Vertex not in group
Error: Vertex not in group
Error: Vertex not in group
Error: Vertex not in group
Error: Vertex not in group
Error: Vertex not in group
Error: Vertex not in group
Error: Vertex not in group
Error: Vertex not in group
Error: Vertex not in group
Error: Vertex not in group
Error: Vertex not in group
Error: Vertex not in group
Error: Vertex not in group
Error: Vertex not in group
Error: Vertex not in group
Error: Vertex not in group
Error: Vertex not in group
Error: Vertex not in group
Error: Vertex not in group
Error: Vertex not in group
Error: Vertex not in group
Error: Vertex not in group
Error: Vertex not in group
Error: Vertex not in group
Error: Vertex not in group
Error: Vertex not in group
Error: Vertex not in group
Error: Vertex not in group
Error: Vertex not in group
Error: Vertex not in group
Error: Vertex not in group
Error: Vertex not in group
Error: Vertex not in group
Error: Vertex not in group
Error: Vertex not in group
Error: Vertex not in group
Error: Vertex not in group
Error: Vertex not in group
Error: Vertex not in group
Error: Vertex not in group
Error: Vertex not in group
Error: Vertex not in group
Error: Vertex not in group
Error: Vertex not in group
Error: Vertex not in group
Error: Vertex not in group
Error: Vertex not in group
Error: Vertex not in group
Error: Vertex not in group
Error: Vertex not in group
Error: Vertex not in group
Error: Vertex not in group
Error: Vertex not in group
Error: Vertex not in group
Error: Vertex not in group
Error: Vertex not in group
Error: Vertex not in group
Error: Vertex not in group
Error: Vertex not in group
Error: Vertex not in group
Error: Vertex not in group
Error: Vertex not in group
Error: Vertex not in group
Error: Vertex not in group
Error: Vertex not in group
Error: Vertex not in group
Error: Vertex not in group
Error: Vertex not in group
Error: Vertex not in group
Error: Vertex not in group
Error: Vertex not in group
Error: Vertex not in group
Error: Vertex not in group
Error: Vertex not in group
Error: Vertex not in group
Error: Vertex not in group
Error: Vertex not in group
Error: Vertex not in group
Error: Vertex not in group
Error: Vertex not in group
Error: Vertex not in group
Error: Vertex not in group
Error: Vertex not in group
Error: Vertex not in group
Error: Vertex not in group
Error: Vertex not in group
Error: Vertex not in group
Error: Vertex not in group
Error: Vertex not in group
Error: Vertex not in group
Error: Vertex not in group
Error: Vertex not in group
Error: Vertex not in group
Error: Vertex not in group
Error: Vertex not in group
Error: Vertex not in group
Error: Vertex not in group
Error: Vertex not in group
Error: Vertex not in group
Error: Vertex not in group
Error: Vertex not in group
Error: Vertex not in group
Error: Vertex not in group
Error: Vertex not in group
Error: Vertex not in group
Error: Vertex not in group
Error: Vertex not in group
Error: Vertex not in group
Error: Vertex not in group
Error: Vertex not in group
Error: Vertex not in group
Error: Vertex not in group
Error: Vertex not in group
Error: Vertex not in group
Error: Vertex not in group
Error: Vertex not in group
Error: Vertex not in group
Error: Vertex not in group
Error: Vertex not in group
Error: Vertex not in group
Error: Vertex not in group
Error: Vertex not in group
Error: Vertex not in group
Error: Vertex not in group
Error: Vertex not in group
Error: Vertex not in group
Error: Vertex not in group
Error: Vertex not in group
Error: Vertex not in group
Error: Vertex not in group
Error: Vertex not in group
Error: Vertex not in group
Error: Vertex not in group
Error: Vertex not in group
Error: Vertex not in group
Error: Vertex not in group
Error: Vertex not in group
Error: Vertex not in group
Error: Vertex not in group
Error: Vertex not in group
Error: Vertex not in group
Error: Vertex not in group
Error: Vertex not in group
Error: Vertex not in group
Error: Vertex not in group
Error: Vertex not in group
Error: Vertex not in group
Error: Vertex not in group
Error: Vertex not in group
Error: Vertex not in group
Error: Vertex not in group
Error: Vertex not in group
Error: Vertex not in group
Error: Vertex not in group
Error: Vertex not in group
Error: Vertex not in group
Error: Vertex not in group
Error: Vertex not in group
Error: Vertex not in group
Error: Vertex not in group
Error: Vertex not in group
Error: Vertex not in group
Error: Vertex not in group
Error: Vertex not in group
Error: Vertex not in group
Error: Vertex not in group
Error: Vertex not in group
Error: Vertex not in group
Error: Vertex not in group
Error: Vertex not in group
Error: Vertex not in group
Error: Vertex not in group
Error: Vertex not in group
Error: Vertex not in group
Error: Vertex not in group
Error: Vertex not in group
Error: Vertex not in group
Error: Vertex not in group
Error: Vertex not in group
Error: Vertex not in group
Error: Vertex not in group
Error: Vertex not in group
Error: Vertex not in group
Error: Vertex not in group
Error: Vertex not in group
Error: Vertex not in group
Error: Vertex not in group
Error: Vertex not in group
Error: Vertex not in group
Error: Vertex not in group
Error: Vertex not in group
Error: Vertex not in group
Error: Vertex not in group
Error: Vertex not in group
Error: Vertex not in group
Error: Vertex not in group
Error: Vertex not in group
Error: Vertex not in group
Error: Vertex not in group
Error: Vertex not in group
Error: Vertex not in group
Error: Vertex not in group
Error: Vertex not in group
Error: Vertex not in group
Error: Vertex not in group
Error: Vertex not in group
Error: Vertex not in group
Error: Vertex not in group
Error: Vertex not in group
Error: Vertex not in group
Error: Vertex not in group
Error: Vertex not in group
Error: Vertex not in group
Error: Vertex not in group
Error: Vertex not in group
Error: Vertex not in group
Error: Vertex not in group
Error: Vertex not in group
Error: Vertex not in group
Error: Vertex not in group
Error: Vertex not in group
Error: Vertex not in group
Error: Vertex not in group
Error: Vertex not in group
Error: Vertex not in group
Error: Vertex not in group
Error: Vertex not in group
Error: Vertex not in group
Error: Vertex not in group
Error: Vertex not in group
Error: Vertex not in group
Error: Vertex not in group
Error: Vertex not in group
Error: Vertex not in group
Error: Vertex not in group
Error: Vertex not in group
Error: Vertex not in group
Error: Vertex not in group
Error: Vertex not in group
Error: Vertex not in group
Error: Vertex not in group
Error: Vertex not in group
Error: Vertex not in group
Error: Vertex not in group
Error: Vertex not in group
Error: Vertex not in group
Error: Vertex not in group
Error: Vertex not in group
Error: Vertex not in group
Error: Vertex not in group
Error: Vertex not in group
Error: Vertex not in group
Error: Vertex not in group
Error: Vertex not in group
Error: Vertex not in group
Error: Vertex not in group
Error: Vertex not in group
Error: Vertex not in group
Error: Vertex not in group
Error: Vertex not in group
Error: Vertex not in group
Error: Vertex not in group
Error: Vertex not in group
Error: Vertex not in group
Error: Vertex not in group
Error: Vertex not in group
Error: Vertex not in group
Error: Vertex not in group
Error: Vertex not in group
Error: Vertex not in group
Error: Vertex not in group
Error: Vertex not in group
Error: Vertex not in group
Error: Vertex not in group
Error: Vertex not in group
Error: Vertex not in group
Error: Vertex not in group
Error: Vertex not in group
Error: Vertex not in group
Error: Vertex not in group
Error: Vertex not in group
Error: Vertex not in group
Error: Vertex not in group
Error: Vertex not in group
Error: Vertex not in group
Error: Vertex not in group
Error: Vertex not in group
Error: Vertex not in group
Error: Vertex not in group
Error: Vertex not in group
Error: Vertex not in group
Error: Vertex not in group
Error: Vertex not in group
Error: Vertex not in group
Error: Vertex not in group
Error: Vertex not in group
Error: Vertex not in group
Error: Vertex not in group
Error: Vertex not in group
Error: Vertex not in group
Error: Vertex not in group
Error: Vertex not in group
Error: Vertex not in group
Error: Vertex not in group
Error: Vertex not in group
Error: Vertex not in group
Error: Vertex not in group
Error: Vertex not in group
Error: Vertex not in group
Error: Vertex not in group
Error: Vertex not in group
Error: Vertex not in group
Error: Vertex not in group
Error: Vertex not in group
Error: Vertex not in group
Error: Vertex not in group
Error: Vertex not in group
Error: Vertex not in group
Error: Vertex not in group
Error: Vertex not in group
Error: Vertex not in group
Error: Vertex not in group
Error: Vertex not in group
Error: Vertex not in group
Error: Vertex not in group
Error: Vertex not in group
Error: Vertex not in group
Error: Vertex not in group
Error: Vertex not in group
Error: Vertex not in group
Error: Vertex not in group
Error: Vertex not in group
Error: Vertex not in group
Error: Vertex not in group
Error: Vertex not in group
Error: Vertex not in group
Error: Vertex not in group
Error: Vertex not in group
Error: Vertex not in group
Error: Vertex not in group
Error: Vertex not in group
Error: Vertex not in group
Error: Vertex not in group
Error: Vertex not in group
Error: Vertex not in group
Error: Vertex not in group
Error: Vertex not in group
Error: Vertex not in group
Error: Vertex not in group
Error: Vertex not in group
Error: Vertex not in group
Error: Vertex not in group
Error: Vertex not in group
Error: Vertex not in group
Error: Vertex not in group
Error: Vertex not in group
Error: Vertex not in group
Error: Vertex not in group
Error: Vertex not in group
Error: Vertex not in group
Error: Vertex not in group
Error: Vertex not in group
Error: Vertex not in group
Error: Vertex not in group
Error: Vertex not in group
Error: Vertex not in group
Error: Vertex not in group
Error: Vertex not in group
Error: Vertex not in group
Error: Vertex not in group
Error: Vertex not in group
Error: Vertex not in group
Error: Vertex not in group
Error: Vertex not in group
Error: Vertex not in group
Error: Vertex not in group
Error: Vertex not in group
Error: Vertex not in group
Error: Vertex not in group
Error: Vertex not in group
Error: Vertex not in group
Error: Vertex not in group
Error: Vertex not in group
Error: Vertex not in group
Error: Vertex not in group
Error: Vertex not in group
Error: Vertex not in group
Error: Vertex not in group
Error: Vertex not in group
Error: Vertex not in group
Error: Vertex not in group
Error: Vertex not in group
Error: Vertex not in group
Error: Vertex not in group
Error: Vertex not in group
Error: Vertex not in group
Error: Vertex not in group
Error: Vertex not in group
Error: Vertex not in group
Error: Vertex not in group
Error: Vertex not in group
Error: Vertex not in group
Error: Vertex not in group
Error: Vertex not in group
Error: Vertex not in group
Error: Vertex not in group
Error: Vertex not in group
Error: Vertex not in group
Error: Vertex not in group
Error: Vertex not in group
Error: Vertex not in group
Error: Vertex not in group
Error: Vertex not in group
Error: Vertex not in group
Error: Vertex not in group
Error: Vertex not in group
Error: Vertex not in group
Error: Vertex not in group
Error: Vertex not in group
Error: Vertex not in group
Error: Vertex not in group
Error: Vertex not in group
Error: Vertex not in group
Error: Vertex not in group
Error: Vertex not in group
Error: Vertex not in group
Error: Vertex not in group
Error: Vertex not in group
Error: Vertex not in group
Error: Vertex not in group
Error: Vertex not in group
Error: Vertex not in group
Error: Vertex not in group
Error: Vertex not in group
Error: Vertex not in group
Error: Vertex not in group
Error: Vertex not in group
Error: Vertex not in group
Error: Vertex not in group
Error: Vertex not in group
Error: Vertex not in group
Error: Vertex not in group
Error: Vertex not in group
Error: Vertex not in group
Error: Vertex not in group
Error: Vertex not in group
Error: Vertex not in group
Error: Vertex not in group
Error: Vertex not in group
Error: Vertex not in group
Error: Vertex not in group
Error: Vertex not in group
Error: Vertex not in group
Error: Vertex not in group
Error: Vertex not in group
Error: Vertex not in group
Error: Vertex not in group
Error: Vertex not in group
Error: Vertex not in group
Error: Vertex not in group
Error: Vertex not in group
Error: Vertex not in group
Error: Vertex not in group
Error: Vertex not in group
Error: Vertex not in group
Error: Vertex not in group
Error: Vertex not in group
Error: Vertex not in group
Error: Vertex not in group
Error: Vertex not in group
Error: Vertex not in group
Error: Vertex not in group
Error: Vertex not in group
Error: Vertex not in group
Error: Vertex not in group
Error: Vertex not in group
Error: Vertex not in group
Error: Vertex not in group
Error: Vertex not in group
Error: Vertex not in group
Error: Vertex not in group
Error: Vertex not in group
Error: Vertex not in group
Error: Vertex not in group
Error: Vertex not in group
Error: Vertex not in group
Error: Vertex not in group
Error: Vertex not in group
Error: Vertex not in group
Error: Vertex not in group
Error: Vertex not in group
Error: Vertex not in group
Error: Vertex not in group
Error: Vertex not in group
Error: Vertex not in group
Error: Vertex not in group
Error: Vertex not in group
Error: Vertex not in group
Error: Vertex not in group
Error: Vertex not in group
Error: Vertex not in group
Error: Vertex not in group
Error: Vertex not in group
Error: Vertex not in group
Error: Vertex not in group
Error: Vertex not in group
Error: Vertex not in group
Error: Vertex not in group
Error: Vertex not in group
Error: Vertex not in group
Error: Vertex not in group
Error: Vertex not in group
Error: Vertex not in group
Error: Vertex not in group
Error: Vertex not in group
Error: Vertex not in group
Error: Vertex not in group
Error: Vertex not in group
Error: Vertex not in group
Error: Vertex not in group
Error: Vertex not in group
Error: Vertex not in group
Error: Vertex not in group
Error: Vertex not in group
Error: Vertex not in group
Error: Vertex not in group
Error: Vertex not in group
Error: Vertex not in group
Error: Vertex not in group
Error: Vertex not in group
Error: Vertex not in group
Error: Vertex not in group
Error: Vertex not in group
Error: Vertex not in group
Error: Vertex not in group
Error: Vertex not in group
Error: Vertex not in group
Error: Vertex not in group
Error: Vertex not in group
Error: Vertex not in group
Error: Vertex not in group
Error: Vertex not in group
Error: Vertex not in group
Error: Vertex not in group
Error: Vertex not in group
Error: Vertex not in group
Error: Vertex not in group
Error: Vertex not in group
Error: Vertex not in group
Error: Vertex not in group
Error: Vertex not in group
Error: Vertex not in group
Error: Vertex not in group
Error: Vertex not in group
Error: Vertex not in group
Error: Vertex not in group
Error: Vertex not in group
Error: Vertex not in group
Error: Vertex not in group
Error: Vertex not in group
Error: Vertex not in group
Error: Vertex not in group
Error: Vertex not in group
Error: Vertex not in group
Error: Vertex not in group
Error: Vertex not in group
Error: Vertex not in group
Error: Vertex not in group
Error: Vertex not in group
Error: Vertex not in group
Error: Vertex not in group
Error: Vertex not in group
Error: Vertex not in group
Error: Vertex not in group
Error: Vertex not in group
Error: Vertex not in group
Error: Vertex not in group
Error: Vertex not in group
Error: Vertex not in group
Error: Vertex not in group
Error: Vertex not in group
Error: Vertex not in group
Error: Vertex not in group
Error: Vertex not in group
Error: Vertex not in group
Error: Vertex not in group
Error: Vertex not in group
Error: Vertex not in group
Error: Vertex not in group
Error: Vertex not in group
Error: Vertex not in group
Error: Vertex not in group
Error: Vertex not in group
Error: Vertex not in group
Error: Vertex not in group
Error: Vertex not in group
Error: Vertex not in group
Error: Vertex not in group
Error: Vertex not in group
Error: Vertex not in group
Error: Vertex not in group
Error: Vertex not in group
Error: Vertex not in group
Error: Vertex not in group
Error: Vertex not in group
Error: Vertex not in group
Error: Vertex not in group
Error: Vertex not in group
Error: Vertex not in group
Error: Vertex not in group
Error: Vertex not in group
Error: Vertex not in group
Error: Vertex not in group
Error: Vertex not in group
Error: Vertex not in group
Error: Vertex not in group
Error: Vertex not in group
Error: Vertex not in group
Error: Vertex not in group
Error: Vertex not in group
Error: Vertex not in group
Error: Vertex not in group
Error: Vertex not in group
Error: Vertex not in group
Error: Vertex not in group
Error: Vertex not in group
Error: Vertex not in group
Error: Vertex not in group
Error: Vertex not in group
Error: Vertex not in group
Error: Vertex not in group
Error: Vertex not in group
Error: Vertex not in group
Error: Vertex not in group
Error: Vertex not in group
Error: Vertex not in group
Error: Vertex not in group
Error: Vertex not in group
Error: Vertex not in group
Error: Vertex not in group
Error: Vertex not in group
Error: Vertex not in group
Error: Vertex not in group
Error: Vertex not in group
Error: Vertex not in group
Error: Vertex not in group
Error: Vertex not in group
Error: Vertex not in group
Error: Vertex not in group
Error: Vertex not in group
Error: Vertex not in group
Error: Vertex not in group
Error: Vertex not in group
Error: Vertex not in group
Error: Vertex not in group
Error: Vertex not in group
Error: Vertex not in group
Error: Vertex not in group
Error: Vertex not in group
Error: Vertex not in group
Error: Vertex not in group
Error: Vertex not in group
Error: Vertex not in group
Error: Vertex not in group
Error: Vertex not in group
Error: Vertex not in group
Error: Vertex not in group
Error: Vertex not in group
Error: Vertex not in group
Error: Vertex not in group
Error: Vertex not in group
Error: Vertex not in group
Error: Vertex not in group
Error: Vertex not in group
Error: Vertex not in group
Error: Vertex not in group
Error: Vertex not in group
Error: Vertex not in group
Error: Vertex not in group
Error: Vertex not in group
Error: Vertex not in group
Error: Vertex not in group
Error: Vertex not in group
Error: Vertex not in group
Error: Vertex not in group
Error: Vertex not in group
Error: Vertex not in group
Error: Vertex not in group
Error: Vertex not in group
Error: Vertex not in group
Error: Vertex not in group
Error: Vertex not in group
Error: Vertex not in group
Error: Vertex not in group
Error: Vertex not in group
Error: Vertex not in group
Error: Vertex not in group
Error: Vertex not in group
Error: Vertex not in group
Error: Vertex not in group
Error: Vertex not in group
Error: Vertex not in group
Error: Vertex not in group
Error: Vertex not in group
Error: Vertex not in group
Error: Vertex not in group
Error: Vertex not in group
Error: Vertex not in group
Error: Vertex not in group
Error: Vertex not in group
Error: Vertex not in group
Error: Vertex not in group
Error: Vertex not in group
Error: Vertex not in group
Error: Vertex not in group
Error: Vertex not in group
Error: Vertex not in group
Error: Vertex not in group
Error: Vertex not in group
Error: Vertex not in group
Error: Vertex not in group
Error: Vertex not in group
Error: Vertex not in group
Error: Vertex not in group
Error: Vertex not in group
Error: Vertex not in group
Error: Vertex not in group
Error: Vertex not in group
Error: Vertex not in group
Error: Vertex not in group
Error: Vertex not in group
Error: Vertex not in group
Error: Vertex not in group
Error: Vertex not in group
Error: Vertex not in group
Error: Vertex not in group
Error: Vertex not in group
Error: Vertex not in group
Error: Vertex not in group
Error: Vertex not in group
Error: Vertex not in group
Error: Vertex not in group
Error: Vertex not in group
Error: Vertex not in group
Error: Vertex not in group
Error: Vertex not in group
Error: Vertex not in group
Error: Vertex not in group
Error: Vertex not in group
Error: Vertex not in group
Error: Vertex not in group
Error: Vertex not in group
Error: Vertex not in group
Error: Vertex not in group
Error: Vertex not in group
Error: Vertex not in group
Error: Vertex not in group
Error: Vertex not in group
Error: Vertex not in group
Error: Vertex not in group
Error: Vertex not in group
Error: Vertex not in group
Error: Vertex not in group
Error: Vertex not in group
Error: Vertex not in group
Error: Vertex not in group
Error: Vertex not in group
Error: Vertex not in group
Error: Vertex not in group
Error: Vertex not in group
Error: Vertex not in group
Error: Vertex not in group
Error: Vertex not in group
Error: Vertex not in group
Error: Vertex not in group
Error: Vertex not in group
Error: Vertex not in group
Error: Vertex not in group
Error: Vertex not in group
Error: Vertex not in group
Error: Vertex not in group
Error: Vertex not in group
Error: Vertex not in group
Error: Vertex not in group
Error: Vertex not in group
Error: Vertex not in group
Error: Vertex not in group
Error: Vertex not in group
Error: Vertex not in group
Error: Vertex not in group
Error: Vertex not in group
Error: Vertex not in group
Error: Vertex not in group
Error: Vertex not in group
Error: Vertex not in group
Error: Vertex not in group
Error: Vertex not in group
Error: Vertex not in group
Error: Vertex not in group
Error: Vertex not in group
Error: Vertex not in group
Error: Vertex not in group
Error: Vertex not in group
Error: Vertex not in group
Error: Vertex not in group
Error: Vertex not in group
Error: Vertex not in group
Error: Vertex not in group
Error: Vertex not in group
Error: Vertex not in group
Error: Vertex not in group
Error: Vertex not in group
Error: Vertex not in group
Error: Vertex not in group
Error: Vertex not in group
Error: Vertex not in group
Error: Vertex not in group
Error: Vertex not in group
Error: Vertex not in group
Error: Vertex not in group
Error: Vertex not in group
Error: Vertex not in group
Error: Vertex not in group
Error: Vertex not in group
Error: Vertex not in group
Error: Vertex not in group
Error: Vertex not in group
Error: Vertex not in group
Error: Vertex not in group
Error: Vertex not in group
Error: Vertex not in group
Error: Vertex not in group
Error: Vertex not in group
Error: Vertex not in group
Error: Vertex not in group
Error: Vertex not in group
Error: Vertex not in group
Error: Vertex not in group
Error: Vertex not in group
Error: Vertex not in group
Error: Vertex not in group
Error: Vertex not in group
Error: Vertex not in group
Error: Vertex not in group
Error: Vertex not in group
Error: Vertex not in group
Error: Vertex not in group
Error: Vertex not in group
Error: Vertex not in group
Error: Vertex not in group
Error: Vertex not in group
Error: Vertex not in group
Error: Vertex not in group
Error: Vertex not in group
Error: Vertex not in group
Error: Vertex not in group
Error: Vertex not in group
Error: Vertex not in group
Error: Vertex not in group
Error: Vertex not in group
Error: Vertex not in group
Error: Vertex not in group
Error: Vertex not in group
Error: Vertex not in group
Error: Vertex not in group
Error: Vertex not in group
Error: Vertex not in group
Error: Vertex not in group
Error: Vertex not in group
Error: Vertex not in group
Error: Vertex not in group
Error: Vertex not in group
Error: Vertex not in group
Error: Vertex not in group
Error: Vertex not in group
Error: Vertex not in group
Error: Vertex not in group
Error: Vertex not in group
Error: Vertex not in group
Error: Vertex not in group
Error: Vertex not in group
Error: Vertex not in group
Error: Vertex not in group
Error: Vertex not in group
Error: Vertex not in group
Error: Vertex not in group
Error: Vertex not in group
Error: Vertex not in group
Error: Vertex not in group
Error: Vertex not in group
Error: Vertex not in group
Error: Vertex not in group
Error: Vertex not in group
Error: Vertex not in group
Error: Vertex not in group
Error: Vertex not in group
Error: Vertex not in group
Error: Vertex not in group
Error: Vertex not in group
Error: Vertex not in group
Error: Vertex not in group
Error: Vertex not in group
Error: Vertex not in group
Error: Vertex not in group
Error: Vertex not in group
Error: Vertex not in group
Error: Vertex not in group
Error: Vertex not in group
Error: Vertex not in group
Error: Vertex not in group
Error: Vertex not in group
Error: Vertex not in group
Error: Vertex not in group
Error: Vertex not in group
Error: Vertex not in group
Error: Vertex not in group
Error: Vertex not in group
Error: Vertex not in group
Error: Vertex not in group
Error: Vertex not in group
Error: Vertex not in group
Error: Vertex not in group
Error: Vertex not in group
Error: Vertex not in group
Error: Vertex not in group
Error: Vertex not in group
Error: Vertex not in group
Error: Vertex not in group
Error: Vertex not in group
Error: Vertex not in group
Error: Vertex not in group
Error: Vertex not in group
Error: Vertex not in group
Error: Vertex not in group
Error: Vertex not in group
Error: Vertex not in group
Error: Vertex not in group
Error: Vertex not in group
Error: Vertex not in group
Error: Vertex not in group
Error: Vertex not in group
Error: Vertex not in group
Error: Vertex not in group
Error: Vertex not in group
Error: Vertex not in group
Error: Vertex not in group
Error: Vertex not in group
Error: Vertex not in group
Error: Vertex not in group
Error: Vertex not in group
Error: Vertex not in group
Error: Vertex not in group
Error: Vertex not in group
Error: Vertex not in group
Error: Vertex not in group
Error: Vertex not in group
Error: Vertex not in group
Error: Vertex not in group
Error: Vertex not in group
Error: Vertex not in group
Error: Vertex not in group
Error: Vertex not in group
Error: Vertex not in group
Error: Vertex not in group
Error: Vertex not in group
Error: Vertex not in group
Error: Vertex not in group
Error: Vertex not in group
Error: Vertex not in group
Error: Vertex not in group
Error: Vertex not in group
Error: Vertex not in group
Error: Vertex not in group
Error: Vertex not in group
Error: Vertex not in group
Error: Vertex not in group
Error: Vertex not in group
Error: Vertex not in group
Error: Vertex not in group
Error: Vertex not in group
Error: Vertex not in group
Error: Vertex not in group
Error: Vertex not in group
Error: Vertex not in group
Error: Vertex not in group
Error: Vertex not in group
Error: Vertex not in group
Error: Vertex not in group
Error: Vertex not in group
Error: Vertex not in group
Error: Vertex not in group
Error: Vertex not in group
Error: Vertex not in group
Error: Vertex not in group
Error: Vertex not in group
Error: Vertex not in group
Error: Vertex not in group
Error: Vertex not in group
Error: Vertex not in group
Error: Vertex not in group
Error: Vertex not in group
Error: Vertex not in group
Error: Vertex not in group
Error: Vertex not in group
Error: Vertex not in group
Error: Vertex not in group
Error: Vertex not in group
Error: Vertex not in group
Error: Vertex not in group
Error: Vertex not in group
Error: Vertex not in group
Error: Vertex not in group
Error: Vertex not in group
Error: Vertex not in group
Error: Vertex not in group
Error: Vertex not in group
Error: Vertex not in group
Error: Vertex not in group
Error: Vertex not in group
Error: Vertex not in group
Error: Vertex not in group
Error: Vertex not in group
Error: Vertex not in group
Error: Vertex not in group
Error: Vertex not in group
Error: Vertex not in group
Error: Vertex not in group
Error: Vertex not in group
Error: Vertex not in group
Error: Vertex not in group
Error: Vertex not in group
Error: Vertex not in group
Error: Vertex not in group
Error: Vertex not in group
Error: Vertex not in group
Error: Vertex not in group
Error: Vertex not in group
Error: Vertex not in group
Error: Vertex not in group
Error: Vertex not in group
Error: Vertex not in group
Error: Vertex not in group
Error: Vertex not in group
Error: Vertex not in group
Error: Vertex not in group
Error: Vertex not in group
Error: Vertex not in group
Error: Vertex not in group
Error: Vertex not in group
Error: Vertex not in group
Error: Vertex not in group
Error: Vertex not in group
Error: Vertex not in group
Error: Vertex not in group
Error: Vertex not in group
Error: Vertex not in group
Error: Vertex not in group
Error: Vertex not in group
Error: Vertex not in group
Error: Vertex not in group
Error: Vertex not in group
Error: Vertex not in group
Error: Vertex not in group
Error: Vertex not in group
Error: Vertex not in group
Error: Vertex not in group
Error: Vertex not in group
Error: Vertex not in group
Error: Vertex not in group
Error: Vertex not in group
Error: Vertex not in group
Error: Vertex not in group
Error: Vertex not in group
Error: Vertex not in group
Error: Vertex not in group
Error: Vertex not in group
Error: Vertex not in group
Error: Vertex not in group
Error: Vertex not in group
Error: Vertex not in group
Error: Vertex not in group
Error: Vertex not in group
Error: Vertex not in group
Error: Vertex not in group
Error: Vertex not in group
Error: Vertex not in group
Error: Vertex not in group
Error: Vertex not in group
Error: Vertex not in group
Error: Vertex not in group
Error: Vertex not in group
Error: Vertex not in group
Error: Vertex not in group
Error: Vertex not in group
Error: Vertex not in group
Error: Vertex not in group
Error: Vertex not in group
Error: Vertex not in group
Error: Vertex not in group
Error: Vertex not in group
Error: Vertex not in group
Error: Vertex not in group
Error: Vertex not in group
Error: Vertex not in group
Error: Vertex not in group
Error: Vertex not in group
Error: Vertex not in group
Error: Vertex not in group
Error: Vertex not in group
Error: Vertex not in group
Error: Vertex not in group
Error: Vertex not in group
Error: Vertex not in group
Error: Vertex not in group
Error: Vertex not in group
Error: Vertex not in group
Error: Vertex not in group
Error: Vertex not in group
Error: Vertex not in group
Error: Vertex not in group
Error: Vertex not in group
Error: Vertex not in group
Error: Vertex not in group
Error: Vertex not in group
Error: Vertex not in group
Error: Vertex not in group
Error: Vertex not in group
Error: Vertex not in group
Error: Vertex not in group
Error: Vertex not in group
Error: Vertex not in group
Error: Vertex not in group
Error: Vertex not in group
Error: Vertex not in group
Error: Vertex not in group
Error: Vertex not in group
Error: Vertex not in group
Error: Vertex not in group
Error: Vertex not in group
Error: Vertex not in group
Error: Vertex not in group
Error: Vertex not in group
Error: Vertex not in group
Error: Vertex not in group
Error: Vertex not in group
Error: Vertex not in group
Error: Vertex not in group
Error: Vertex not in group
Error: Vertex not in group
Error: Vertex not in group
Error: Vertex not in group
Error: Vertex not in group
Error: Vertex not in group
Error: Vertex not in group
Error: Vertex not in group
Error: Vertex not in group
Error: Vertex not in group
Error: Vertex not in group
Error: Vertex not in group
Error: Vertex not in group
Error: Vertex not in group
Error: Vertex not in group
Error: Vertex not in group
Error: Vertex not in group
Error: Vertex not in group
Error: Vertex not in group
Error: Vertex not in group
Error: Vertex not in group
Error: Vertex not in group
Error: Vertex not in group
Error: Vertex not in group
Error: Vertex not in group
Error: Vertex not in group
Error: Vertex not in group
Error: Vertex not in group
Error: Vertex not in group
Error: Vertex not in group
Error: Vertex not in group
Error: Vertex not in group
Error: Vertex not in group
Error: Vertex not in group
Error: Vertex not in group
Error: Vertex not in group
Error: Vertex not in group
Error: Vertex not in group
Error: Vertex not in group
Error: Vertex not in group
Error: Vertex not in group
Error: Vertex not in group
Error: Vertex not in group
Error: Vertex not in group
Error: Vertex not in group
Error: Vertex not in group
Error: Vertex not in group
Error: Vertex not in group
Error: Vertex not in group
Error: Vertex not in group
Error: Vertex not in group
Error: Vertex not in group
Error: Vertex not in group
Error: Vertex not in group
Error: Vertex not in group
Error: Vertex not in group
Error: Vertex not in group
Error: Vertex not in group
Error: Vertex not in group
Error: Vertex not in group
Error: Vertex not in group
Error: Vertex not in group
Error: Vertex not in group
Error: Vertex not in group
Error: Vertex not in group
Error: Vertex not in group
Error: Vertex not in group
Error: Vertex not in group
Error: Vertex not in group
Error: Vertex not in group
Error: Vertex not in group
Error: Vertex not in group
Error: Vertex not in group
Error: Vertex not in group
Error: Vertex not in group
Error: Vertex not in group
Error: Vertex not in group
Error: Vertex not in group
Error: Vertex not in group
Error: Vertex not in group
Error: Vertex not in group
Error: Vertex not in group
Error: Vertex not in group
Error: Vertex not in group
Error: Vertex not in group
Error: Vertex not in group
Error: Vertex not in group
Error: Vertex not in group
Error: Vertex not in group
Error: Vertex not in group
Error: Vertex not in group
Error: Vertex not in group
Error: Vertex not in group
Error: Vertex not in group
Error: Vertex not in group
Error: Vertex not in group
Error: Vertex not in group
Error: Vertex not in group
Error: Vertex not in group
Error: Vertex not in group
Error: Vertex not in group
Error: Vertex not in group
Error: Vertex not in group
Error: Vertex not in group
Error: Vertex not in group
Error: Vertex not in group
Error: Vertex not in group
Error: Vertex not in group
Error: Vertex not in group
Error: Vertex not in group
Error: Vertex not in group
Error: Vertex not in group
Error: Vertex not in group
Error: Vertex not in group
Error: Vertex not in group
Error: Vertex not in group
Error: Vertex not in group
Error: Vertex not in group
Error: Vertex not in group
Error: Vertex not in group
Error: Vertex not in group
Error: Vertex not in group
Error: Vertex not in group
Error: Vertex not in group
Error: Vertex not in group
Error: Vertex not in group
Error: Vertex not in group
Error: Vertex not in group
Error: Vertex not in group
Error: Vertex not in group
Error: Vertex not in group
Error: Vertex not in group
Error: Vertex not in group
Error: Vertex not in group
Error: Vertex not in group
Error: Vertex not in group
Error: Vertex not in group
Error: Vertex not in group
Error: Vertex not in group
Error: Vertex not in group
Error: Vertex not in group
Error: Vertex not in group
Error: Vertex not in group
Error: Vertex not in group
Error: Vertex not in group
Error: Vertex not in group
Error: Vertex not in group
Error: Vertex not in group
Error: Vertex not in group
Error: Vertex not in group
Error: Vertex not in group
Error: Vertex not in group
Error: Vertex not in group
Error: Vertex not in group
Error: Vertex not in group
Error: Vertex not in group
Error: Vertex not in group
Error: Vertex not in group
Error: Vertex not in group
Error: Vertex not in group
Error: Vertex not in group
Error: Vertex not in group
Error: Vertex not in group
Error: Vertex not in group
Error: Vertex not in group
Error: Vertex not in group
Error: Vertex not in group
Error: Vertex not in group
Error: Vertex not in group
Error: Vertex not in group
Error: Vertex not in group
Error: Vertex not in group
Error: Vertex not in group
Error: Vertex not in group
Error: Vertex not in group
Error: Vertex not in group
Error: Vertex not in group
Error: Vertex not in group
Error: Vertex not in group
Error: Vertex not in group
Error: Vertex not in group
Error: Vertex not in group
Error: Vertex not in group
Error: Vertex not in group
Error: Vertex not in group
Error: Vertex not in group
Error: Vertex not in group
Error: Vertex not in group
Error: Vertex not in group
Error: Vertex not in group
Error: Vertex not in group
Error: Vertex not in group
Error: Vertex not in group
Error: Vertex not in group
Error: Vertex not in group
Error: Vertex not in group
Error: Vertex not in group
Error: Vertex not in group
Error: Vertex not in group
Error: Vertex not in group
Error: Vertex not in group
Error: Vertex not in group
Error: Vertex not in group
Error: Vertex not in group
Error: Vertex not in group
Error: Vertex not in group
Error: Vertex not in group
Error: Vertex not in group
Error: Vertex not in group
Error: Vertex not in group
Error: Vertex not in group
Error: Vertex not in group
Error: Vertex not in group
Error: Vertex not in group
Error: Vertex not in group
Error: Vertex not in group
Error: Vertex not in group
Error: Vertex not in group
Error: Vertex not in group
Error: Vertex not in group
Error: Vertex not in group
Error: Vertex not in group
Error: Vertex not in group
Error: Vertex not in group
Error: Vertex not in group
Error: Vertex not in group
Error: Vertex not in group
Error: Vertex not in group
Error: Vertex not in group
Error: Vertex not in group
Error: Vertex not in group
Error: Vertex not in group
Error: Vertex not in group
Error: Vertex not in group
Error: Vertex not in group
Error: Vertex not in group
Error: Vertex not in group
Error: Vertex not in group
Error: Vertex not in group
Error: Vertex not in group
Error: Vertex not in group
Error: Vertex not in group
Error: Vertex not in group
Error: Vertex not in group
Error: Vertex not in group
Error: Vertex not in group
Error: Vertex not in group
Error: Vertex not in group
Error: Vertex not in group
Error: Vertex not in group
Error: Vertex not in group
Error: Vertex not in group
Error: Vertex not in group
Error: Vertex not in group
Error: Vertex not in group
Error: Vertex not in group
Error: Vertex not in group
Error: Vertex not in group
Error: Vertex not in group
Error: Vertex not in group
Error: Vertex not in group
Error: Vertex not in group
Error: Vertex not in group
Error: Vertex not in group
Error: Vertex not in group
Error: Vertex not in group
Error: Vertex not in group
Error: Vertex not in group
Error: Vertex not in group
Error: Vertex not in group
Error: Vertex not in group
Error: Vertex not in group
Error: Vertex not in group
Error: Vertex not in group
Error: Vertex not in group
Error: Vertex not in group
Error: Vertex not in group
Error: Vertex not in group
Error: Vertex not in group
Error: Vertex not in group
Error: Vertex not in group
Error: Vertex not in group
Error: Vertex not in group
Error: Vertex not in group
Error: Vertex not in group
Error: Vertex not in group
Error: Vertex not in group
Error: Vertex not in group
Error: Vertex not in group
Error: Vertex not in group
Error: Vertex not in group
Error: Vertex not in group
Error: Vertex not in group
Error: Vertex not in group
Error: Vertex not in group
Error: Vertex not in group
Error: Vertex not in group
Error: Vertex not in group
Error: Vertex not in group
Error: Vertex not in group
Error: Vertex not in group
Error: Vertex not in group
Error: Vertex not in group
Error: Vertex not in group
Error: Vertex not in group
Error: Vertex not in group
Error: Vertex not in group
Error: Vertex not in group
Error: Vertex not in group
Error: Vertex not in group
Error: Vertex not in group
Error: Vertex not in group
Error: Vertex not in group
Error: Vertex not in group
Error: Vertex not in group
Error: Vertex not in group
Error: Vertex not in group
Error: Vertex not in group
Error: Vertex not in group
Error: Vertex not in group
Error: Vertex not in group
Error: Vertex not in group
Error: Vertex not in group
Error: Vertex not in group
Error: Vertex not in group
Error: Vertex not in group
Error: Vertex not in group
Error: Vertex not in group
Error: Vertex not in group
Error: Vertex not in group
Error: Vertex not in group
Error: Vertex not in group
Error: Vertex not in group
Error: Vertex not in group
Error: Vertex not in group
Error: Vertex not in group
Error: Vertex not in group
Error: Vertex not in group
Error: Vertex not in group
Error: Vertex not in group
Error: Vertex not in group
Error: Vertex not in group
Error: Vertex not in group
Error: Vertex not in group
Error: Vertex not in group
Error: Vertex not in group
Error: Vertex not in group
Error: Vertex not in group
Error: Vertex not in group
Error: Vertex not in group
Error: Vertex not in group
Error: Vertex not in group
Error: Vertex not in group
Error: Vertex not in group
Error: Vertex not in group
Error: Vertex not in group
Error: Vertex not in group
Error: Vertex not in group
Error: Vertex not in group
Error: Vertex not in group
Error: Vertex not in group
Error: Vertex not in group
Error: Vertex not in group
Error: Vertex not in group
Error: Vertex not in group
Error: Vertex not in group
Error: Vertex not in group
Error: Vertex not in group
Error: Vertex not in group
Error: Vertex not in group
Error: Vertex not in group
Error: Vertex not in group
Error: Vertex not in group
Error: Vertex not in group
Error: Vertex not in group
Error: Vertex not in group
Error: Vertex not in group
Error: Vertex not in group
Error: Vertex not in group
Error: Vertex not in group
Error: Vertex not in group
Error: Vertex not in group
Error: Vertex not in group
Error: Vertex not in group
Error: Vertex not in group
Error: Vertex not in group
Error: Vertex not in group
Error: Vertex not in group
Error: Vertex not in group
Error: Vertex not in group
Error: Vertex not in group
Error: Vertex not in group
Error: Vertex not in group
Error: Vertex not in group
Error: Vertex not in group
Error: Vertex not in group
Error: Vertex not in group
Error: Vertex not in group
Error: Vertex not in group
Error: Vertex not in group
Error: Vertex not in group
Error: Vertex not in group
Error: Vertex not in group
Error: Vertex not in group
Error: Vertex not in group
Error: Vertex not in group
Error: Vertex not in group
Error: Vertex not in group
Error: Vertex not in group
Error: Vertex not in group
Error: Vertex not in group
Error: Vertex not in group
Error: Vertex not in group
Error: Vertex not in group
Error: Vertex not in group
Error: Vertex not in group
Error: Vertex not in group
Error: Vertex not in group
Error: Vertex not in group
Error: Vertex not in group
Error: Vertex not in group
Error: Vertex not in group
Error: Vertex not in group
Error: Vertex not in group
Error: Vertex not in group
Error: Vertex not in group
Error: Vertex not in group
Error: Vertex not in group
Error: Vertex not in group
Error: Vertex not in group
Error: Vertex not in group
Error: Vertex not in group
Error: Vertex not in group
Error: Vertex not in group
Error: Vertex not in group
Error: Vertex not in group
Error: Vertex not in group
Error: Vertex not in group
Error: Vertex not in group
Error: Vertex not in group
Error: Vertex not in group
Error: Vertex not in group
Error: Vertex not in group
Error: Vertex not in group
Error: Vertex not in group
Error: Vertex not in group
Error: Vertex not in group
Error: Vertex not in group
Error: Vertex not in group
Error: Vertex not in group
Error: Vertex not in group
Error: Vertex not in group
Error: Vertex not in group
Error: Vertex not in group
Error: Vertex not in group
Error: Vertex not in group
Error: Vertex not in group
Error: Vertex not in group
Error: Vertex not in group
Error: Vertex not in group
Error: Vertex not in group
Error: Vertex not in group
Error: Vertex not in group
Error: Vertex not in group
Error: Vertex not in group
Error: Vertex not in group
Error: Vertex not in group
Error: Vertex not in group
Error: Vertex not in group
Error: Vertex not in group
Error: Vertex not in group
Error: Vertex not in group
Error: Vertex not in group
Error: Vertex not in group
Error: Vertex not in group
Error: Vertex not in group
Error: Vertex not in group
Error: Vertex not in group
Error: Vertex not in group
Error: Vertex not in group
Error: Vertex not in group
Error: Vertex not in group
Error: Vertex not in group
Error: Vertex not in group
Error: Vertex not in group
Error: Vertex not in group
Error: Vertex not in group
Error: Vertex not in group
Error: Vertex not in group
Error: Vertex not in group
Error: Vertex not in group
Error: Vertex not in group
Error: Vertex not in group
Error: Vertex not in group
Error: Vertex not in group
Error: Vertex not in group
Error: Vertex not in group
Error: Vertex not in group
Error: Vertex not in group
Error: Vertex not in group
Error: Vertex not in group
Error: Vertex not in group
Error: Vertex not in group
Error: Vertex not in group
Error: Vertex not in group
Error: Vertex not in group
Error: Vertex not in group
Error: Vertex not in group
Error: Vertex not in group
Error: Vertex not in group
Error: Vertex not in group
Error: Vertex not in group
Error: Vertex not in group
Error: Vertex not in group
Error: Vertex not in group
Error: Vertex not in group
Error: Vertex not in group
Error: Vertex not in group
Error: Vertex not in group
Error: Vertex not in group
Error: Vertex not in group
Error: Vertex not in group
Error: Vertex not in group
Error: Vertex not in group
Error: Vertex not in group
Error: Vertex not in group
Error: Vertex not in group
Error: Vertex not in group
Error: Vertex not in group
Error: Vertex not in group
Error: Vertex not in group
Error: Vertex not in group
Error: Vertex not in group
Error: Vertex not in group
Error: Vertex not in group
Error: Vertex not in group
Error: Vertex not in group
Error: Vertex not in group
Error: Vertex not in group
Error: Vertex not in group
Error: Vertex not in group
Error: Vertex not in group
Error: Vertex not in group
Error: Vertex not in group
Error: Vertex not in group
Error: Vertex not in group
Error: Vertex not in group
Error: Vertex not in group
Error: Vertex not in group
Error: Vertex not in group
Error: Vertex not in group
Error: Vertex not in group
Error: Vertex not in group
Error: Vertex not in group
Error: Vertex not in group
Error: Vertex not in group
Error: Vertex not in group
Error: Vertex not in group
Error: Vertex not in group
Error: Vertex not in group
Error: Vertex not in group
Error: Vertex not in group
Error: Vertex not in group
Error: Vertex not in group
Error: Vertex not in group
Error: Vertex not in group
Error: Vertex not in group
Error: Vertex not in group
Error: Vertex not in group
Error: Vertex not in group
Error: Vertex not in group
Error: Vertex not in group
Error: Vertex not in group
Error: Vertex not in group
Error: Vertex not in group
Error: Vertex not in group
Error: Vertex not in group
Error: Vertex not in group
Error: Vertex not in group
Error: Vertex not in group
Error: Vertex not in group
Error: Vertex not in group
Error: Vertex not in group
Error: Vertex not in group
Error: Vertex not in group
Error: Vertex not in group
Error: Vertex not in group
Error: Vertex not in group
Error: Vertex not in group
Error: Vertex not in group
Error: Vertex not in group
Error: Vertex not in group
Error: Vertex not in group
Error: Vertex not in group
Error: Vertex not in group
Error: Vertex not in group
Error: Vertex not in group
Error: Vertex not in group
Error: Vertex not in group
Error: Vertex not in group
Error: Vertex not in group
Error: Vertex not in group
Error: Vertex not in group
Error: Vertex not in group
Error: Vertex not in group
Error: Vertex not in group
Error: Vertex not in group
Error: Vertex not in group
Error: Vertex not in group
Error: Vertex not in group
Error: Vertex not in group
Error: Vertex not in group
Error: Vertex not in group
Error: Vertex not in group
Error: Vertex not in group
Error: Vertex not in group
Error: Vertex not in group
Error: Vertex not in group
Error: Vertex not in group
Error: Vertex not in group
Error: Vertex not in group
Error: Vertex not in group
Error: Vertex not in group
Error: Vertex not in group
Error: Vertex not in group
Error: Vertex not in group
Error: Vertex not in group
Error: Vertex not in group
Error: Vertex not in group
Error: Vertex not in group
Error: Vertex not in group
Error: Vertex not in group
Error: Vertex not in group
Error: Vertex not in group
Error: Vertex not in group
Error: Vertex not in group
Error: Vertex not in group
Error: Vertex not in group
Error: Vertex not in group
Error: Vertex not in group
Error: Vertex not in group
Error: Vertex not in group
Error: Vertex not in group
Error: Vertex not in group
Error: Vertex not in group
Error: Vertex not in group
Error: Vertex not in group
Error: Vertex not in group
Error: Vertex not in group
Error: Vertex not in group
Error: Vertex not in group
Error: Vertex not in group
Error: Vertex not in group
Error: Vertex not in group
Error: Vertex not in group
Error: Vertex not in group
Error: Vertex not in group
Error: Vertex not in group
Error: Vertex not in group
Error: Vertex not in group
Error: Vertex not in group
Error: Vertex not in group
Error: Vertex not in group
Error: Vertex not in group
Error: Vertex not in group
Error: Vertex not in group
Error: Vertex not in group
Error: Vertex not in group
Error: Vertex not in group
Error: Vertex not in group
Error: Vertex not in group
Error: Vertex not in group
Error: Vertex not in group
Error: Vertex not in group
Error: Vertex not in group
Error: Vertex not in group
Error: Vertex not in group
Error: Vertex not in group
Error: Vertex not in group
Error: Vertex not in group
Error: Vertex not in group
Error: Vertex not in group
Error: Vertex not in group
Error: Vertex not in group
Error: Vertex not in group
Error: Vertex not in group
Error: Vertex not in group
Error: Vertex not in group
Error: Vertex not in group
Error: Vertex not in group
Error: Vertex not in group
Error: Vertex not in group
Error: Vertex not in group
Error: Vertex not in group
Error: Vertex not in group
Error: Vertex not in group
Error: Vertex not in group
Error: Vertex not in group
Error: Vertex not in group
Error: Vertex not in group
Error: Vertex not in group
Error: Vertex not in group
Error: Vertex not in group
Error: Vertex not in group
Error: Vertex not in group
Error: Vertex not in group
Error: Vertex not in group
Error: Vertex not in group
Error: Vertex not in group
Error: Vertex not in group
Error: Vertex not in group
Error: Vertex not in group
Error: Vertex not in group
Error: Vertex not in group
Error: Vertex not in group
Error: Vertex not in group
Error: Vertex not in group
Error: Vertex not in group
Error: Vertex not in group
Error: Vertex not in group
Error: Vertex not in group
Error: Vertex not in group
Error: Vertex not in group
Error: Vertex not in group
Error: Vertex not in group
Error: Vertex not in group
Error: Vertex not in group
Error: Vertex not in group
Error: Vertex not in group
Error: Vertex not in group
Error: Vertex not in group
Error: Vertex not in group
Error: Vertex not in group
Error: Vertex not in group
Error: Vertex not in group
Error: Vertex not in group
Error: Vertex not in group
Error: Vertex not in group
Error: Vertex not in group
Error: Vertex not in group
Error: Vertex not in group
Error: Vertex not in group
Error: Vertex not in group
Error: Vertex not in group
Error: Vertex not in group
Error: Vertex not in group
Error: Vertex not in group
Error: Vertex not in group
Error: Vertex not in group
Error: Vertex not in group
Error: Vertex not in group
Error: Vertex not in group
Error: Vertex not in group
Error: Vertex not in group
Error: Vertex not in group
Error: Vertex not in group
Error: Vertex not in group
Error: Vertex not in group
Error: Vertex not in group
Error: Vertex not in group
Error: Vertex not in group
Error: Vertex not in group
Error: Vertex not in group
Error: Vertex not in group
Error: Vertex not in group
Error: Vertex not in group
Error: Vertex not in group
Error: Vertex not in group
Error: Vertex not in group
Error: Vertex not in group
Error: Vertex not in group
Error: Vertex not in group
Error: Vertex not in group
Error: Vertex not in group
Error: Vertex not in group
Error: Vertex not in group
Error: Vertex not in group
Error: Vertex not in group
Error: Vertex not in group
Error: Vertex not in group
Error: Vertex not in group
Error: Vertex not in group
Error: Vertex not in group
Error: Vertex not in group
Error: Vertex not in group
Error: Vertex not in group
Error: Vertex not in group
Error: Vertex not in group
Error: Vertex not in group
Error: Vertex not in group
Error: Vertex not in group
Error: Vertex not in group
Error: Vertex not in group
Error: Vertex not in group
Error: Vertex not in group
Error: Vertex not in group
Error: Vertex not in group
Error: Vertex not in group
Error: Vertex not in group
Error: Vertex not in group
Error: Vertex not in group
Error: Vertex not in group
Error: Vertex not in group
Error: Vertex not in group
Error: Vertex not in group
Error: Vertex not in group
Error: Vertex not in group
Error: Vertex not in group
Error: Vertex not in group
Error: Vertex not in group
Error: Vertex not in group
Error: Vertex not in group
Error: Vertex not in group
Error: Vertex not in group
Error: Vertex not in group
Error: Vertex not in group
Error: Vertex not in group
Error: Vertex not in group
Error: Vertex not in group
Error: Vertex not in group
Error: Vertex not in group
Error: Vertex not in group
Error: Vertex not in group
Error: Vertex not in group
Error: Vertex not in group
Error: Vertex not in group
Error: Vertex not in group
Error: Vertex not in group
Error: Vertex not in group
Error: Vertex not in group
Error: Vertex not in group
Error: Vertex not in group
Error: Vertex not in group
Error: Vertex not in group
Error: Vertex not in group
Error: Vertex not in group
Error: Vertex not in group
Error: Vertex not in group
Error: Vertex not in group
Error: Vertex not in group
Error: Vertex not in group
Error: Vertex not in group
Error: Vertex not in group
Error: Vertex not in group
Error: Vertex not in group
Error: Vertex not in group
Error: Vertex not in group
Error: Vertex not in group
Error: Vertex not in group
Error: Vertex not in group
Error: Vertex not in group
Error: Vertex not in group
Error: Vertex not in group
Error: Vertex not in group
Error: Vertex not in group
Error: Vertex not in group
Error: Vertex not in group
Error: Vertex not in group
Error: Vertex not in group
Error: Vertex not in group
Error: Vertex not in group
Error: Vertex not in group
Error: Vertex not in group
Error: Vertex not in group
Error: Vertex not in group
Error: Vertex not in group
Error: Vertex not in group
Error: Vertex not in group
Error: Vertex not in group
Error: Vertex not in group
Error: Vertex not in group
Error: Vertex not in group
Error: Vertex not in group
Error: Vertex not in group
Error: Vertex not in group
Error: Vertex not in group
Error: Vertex not in group
Error: Vertex not in group
Error: Vertex not in group
Error: Vertex not in group
Error: Vertex not in group
Error: Vertex not in group
Error: Vertex not in group
Error: Vertex not in group
Error: Vertex not in group
Error: Vertex not in group
Error: Vertex not in group
Error: Vertex not in group
Error: Vertex not in group
Error: Vertex not in group
Error: Vertex not in group
Error: Vertex not in group
Error: Vertex not in group
Error: Vertex not in group
Error: Vertex not in group
Error: Vertex not in group
Error: Vertex not in group
Error: Vertex not in group
Error: Vertex not in group
Error: Vertex not in group
Error: Vertex not in group
Error: Vertex not in group
Error: Vertex not in group
Error: Vertex not in group
Error: Vertex not in group
Error: Vertex not in group
Error: Vertex not in group
Error: Vertex not in group
Error: Vertex not in group
Error: Vertex not in group
Error: Vertex not in group
Error: Vertex not in group
Error: Vertex not in group
Error: Vertex not in group
Error: Vertex not in group
Error: Vertex not in group
Error: Vertex not in group
Error: Vertex not in group
Error: Vertex not in group
Error: Vertex not in group
Error: Vertex not in group
Error: Vertex not in group
Error: Vertex not in group
Error: Vertex not in group
Error: Vertex not in group
Error: Vertex not in group
Error: Vertex not in group
Error: Vertex not in group
Error: Vertex not in group
Error: Vertex not in group
Error: Vertex not in group
Error: Vertex not in group
Error: Vertex not in group
Error: Vertex not in group
Error: Vertex not in group
Error: Vertex not in group
Error: Vertex not in group
Error: Vertex not in group
Error: Vertex not in group
Error: Vertex not in group
Error: Vertex not in group
Error: Vertex not in group
Error: Vertex not in group
Error: Vertex not in group
Error: Vertex not in group
Error: Vertex not in group
Error: Vertex not in group
Error: Vertex not in group
Error: Vertex not in group
Error: Vertex not in group
Error: Vertex not in group
Error: Vertex not in group
Error: Vertex not in group
Error: Vertex not in group
Error: Vertex not in group
Error: Vertex not in group
Error: Vertex not in group
Error: Vertex not in group
Error: Vertex not in group
Error: Vertex not in group
Error: Vertex not in group
Error: Vertex not in group
Error: Vertex not in group
Error: Vertex not in group
Error: Vertex not in group
Error: Vertex not in group
Error: Vertex not in group
Error: Vertex not in group
Error: Vertex not in group
Error: Vertex not in group
Error: Vertex not in group
Error: Vertex not in group
Error: Vertex not in group
Error: Vertex not in group
Error: Vertex not in group
Error: Vertex not in group
Error: Vertex not in group
Error: Vertex not in group
Error: Vertex not in group
Error: Vertex not in group
Error: Vertex not in group
Error: Vertex not in group
Error: Vertex not in group
Error: Vertex not in group
Error: Vertex not in group
Error: Vertex not in group
Error: Vertex not in group
Error: Vertex not in group
Error: Vertex not in group
Error: Vertex not in group
Error: Vertex not in group
Error: Vertex not in group
Error: Vertex not in group
Error: Vertex not in group
Error: Vertex not in group
Error: Vertex not in group
Error: Vertex not in group
Error: Vertex not in group
Error: Vertex not in group
Error: Vertex not in group
Error: Vertex not in group
Error: Vertex not in group
Error: Vertex not in group
Error: Vertex not in group
Error: Vertex not in group
Error: Vertex not in group
Error: Vertex not in group
Error: Vertex not in group
Error: Vertex not in group
Error: Vertex not in group
Error: Vertex not in group
Error: Vertex not in group
Error: Vertex not in group
Error: Vertex not in group
Error: Vertex not in group
Error: Vertex not in group
Error: Vertex not in group
Error: Vertex not in group
Error: Vertex not in group
Error: Vertex not in group
Error: Vertex not in group
Error: Vertex not in group
Error: Vertex not in group
Error: Vertex not in group
Error: Vertex not in group
Error: Vertex not in group
Error: Vertex not in group
Error: Vertex not in group
Error: Vertex not in group
Error: Vertex not in group
Error: Vertex not in group
Error: Vertex not in group
Error: Vertex not in group
Error: Vertex not in group
Error: Vertex not in group
Error: Vertex not in group
Error: Vertex not in group
Error: Vertex not in group
Error: Vertex not in group
Error: Vertex not in group
Error: Vertex not in group
Error: Vertex not in group
Error: Vertex not in group
Error: Vertex not in group
Error: Vertex not in group
Error: Vertex not in group
Error: Vertex not in group
Error: Vertex not in group
Error: Vertex not in group
Error: Vertex not in group
Error: Vertex not in group
Error: Vertex not in group
Error: Vertex not in group
Error: Vertex not in group
Error: Vertex not in group
Error: Vertex not in group
Error: Vertex not in group
Error: Vertex not in group
Error: Vertex not in group
Error: Vertex not in group
Error: Vertex not in group
Error: Vertex not in group
Error: Vertex not in group
Error: Vertex not in group
Error: Vertex not in group
Error: Vertex not in group
Error: Vertex not in group
Error: Vertex not in group
Error: Vertex not in group
Error: Vertex not in group
Error: Vertex not in group
Error: Vertex not in group
Error: Vertex not in group
Error: Vertex not in group
Error: Vertex not in group
Error: Vertex not in group
Error: Vertex not in group
Error: Vertex not in group
Error: Vertex not in group
Error: Vertex not in group
Error: Vertex not in group
Error: Vertex not in group
Error: Vertex not in group
Error: Vertex not in group
Error: Vertex not in group
Error: Vertex not in group
Error: Vertex not in group
Error: Vertex not in group
Error: Vertex not in group
Error: Vertex not in group
Error: Vertex not in group
Error: Vertex not in group
Error: Vertex not in group
Error: Vertex not in group
Error: Vertex not in group
Error: Vertex not in group
Error: Vertex not in group
Error: Vertex not in group
Error: Vertex not in group
Error: Vertex not in group
Error: Vertex not in group
Error: Vertex not in group
Error: Vertex not in group
Error: Vertex not in group
Error: Vertex not in group
Error: Vertex not in group
Error: Vertex not in group
Error: Vertex not in group
Error: Vertex not in group
Error: Vertex not in group
Error: Vertex not in group
Error: Vertex not in group
Error: Vertex not in group
Error: Vertex not in group
Error: Vertex not in group
Error: Vertex not in group
Error: Vertex not in group
Error: Vertex not in group
Error: Vertex not in group
Error: Vertex not in group
Error: Vertex not in group
Error: Vertex not in group
Error: Vertex not in group
Error: Vertex not in group
Error: Vertex not in group
Error: Vertex not in group
Error: Vertex not in group
Error: Vertex not in group
Error: Vertex not in group
Error: Vertex not in group
Error: Vertex not in group
Error: Vertex not in group
Error: Vertex not in group
Error: Vertex not in group
Error: Vertex not in group
Error: Vertex not in group
Error: Vertex not in group
Error: Vertex not in group
Error: Vertex not in group
Error: Vertex not in group
Error: Vertex not in group
Error: Vertex not in group
Error: Vertex not in group
Error: Vertex not in group
Error: Vertex not in group
Error: Vertex not in group
Error: Vertex not in group
Error: Vertex not in group
Error: Vertex not in group
Error: Vertex not in group
Error: Vertex not in group
Error: Vertex not in group
Error: Vertex not in group
Error: Vertex not in group
Error: Vertex not in group
Error: Vertex not in group
Error: Vertex not in group
Error: Vertex not in group
Error: Vertex not in group
Error: Vertex not in group
Error: Vertex not in group
Error: Vertex not in group
Error: Vertex not in group
Error: Vertex not in group
Error: Vertex not in group
Error: Vertex not in group
Error: Vertex not in group
Error: Vertex not in group
Error: Vertex not in group
Error: Vertex not in group
Error: Vertex not in group
Error: Vertex not in group
Error: Vertex not in group
Error: Vertex not in group
Error: Vertex not in group
Error: Vertex not in group
Error: Vertex not in group
Error: Vertex not in group
Error: Vertex not in group
Error: Vertex not in group
Error: Vertex not in group
Error: Vertex not in group
Error: Vertex not in group
Error: Vertex not in group
Error: Vertex not in group
Error: Vertex not in group
Error: Vertex not in group
Error: Vertex not in group
Error: Vertex not in group
Error: Vertex not in group
Error: Vertex not in group
Error: Vertex not in group
Error: Vertex not in group
Error: Vertex not in group
Error: Vertex not in group
Error: Vertex not in group
Error: Vertex not in group
Error: Vertex not in group
Error: Vertex not in group
Error: Vertex not in group
Error: Vertex not in group
Error: Vertex not in group
Error: Vertex not in group
Error: Vertex not in group
Error: Vertex not in group
Error: Vertex not in group
Error: Vertex not in group
Error: Vertex not in group
Error: Vertex not in group
Error: Vertex not in group
Error: Vertex not in group
Error: Vertex not in group
Error: Vertex not in group
Error: Vertex not in group
Error: Vertex not in group
Error: Vertex not in group
Error: Vertex not in group
Error: Vertex not in group
Error: Vertex not in group
Error: Vertex not in group
Error: Vertex not in group
Error: Vertex not in group
Error: Vertex not in group
Error: Vertex not in group
Error: Vertex not in group
Error: Vertex not in group
Error: Vertex not in group
Error: Vertex not in group
Error: Vertex not in group
Error: Vertex not in group
Error: Vertex not in group
Error: Vertex not in group
Error: Vertex not in group
Error: Vertex not in group
Error: Vertex not in group
Error: Vertex not in group
Error: Vertex not in group
Error: Vertex not in group
Error: Vertex not in group
Error: Vertex not in group
Error: Vertex not in group
Error: Vertex not in group
Error: Vertex not in group
Error: Vertex not in group
Error: Vertex not in group
Error: Vertex not in group
Error: Vertex not in group
Error: Vertex not in group
Error: Vertex not in group
Error: Vertex not in group
Error: Vertex not in group
Error: Vertex not in group
Error: Vertex not in group
Error: Vertex not in group
Error: Vertex not in group
Error: Vertex not in group
Error: Vertex not in group
Error: Vertex not in group
Error: Vertex not in group
Error: Vertex not in group
Error: Vertex not in group
Error: Vertex not in group
Error: Vertex not in group
Error: Vertex not in group
Error: Vertex not in group
Error: Vertex not in group
Error: Vertex not in group
Error: Vertex not in group
Error: Vertex not in group
Error: Vertex not in group
Error: Vertex not in group
Error: Vertex not in group
Error: Vertex not in group
Error: Vertex not in group
Error: Vertex not in group
Error: Vertex not in group
Error: Vertex not in group
Error: Vertex not in group
Error: Vertex not in group
Error: Vertex not in group
Error: Vertex not in group
Error: Vertex not in group
Error: Vertex not in group
Error: Vertex not in group
Error: Vertex not in group
Error: Vertex not in group
Error: Vertex not in group
Error: Vertex not in group
Error: Vertex not in group
Error: Vertex not in group
Error: Vertex not in group
Error: Vertex not in group
Error: Vertex not in group
Error: Vertex not in group
Error: Vertex not in group
Error: Vertex not in group
Error: Vertex not in group
Error: Vertex not in group
Error: Vertex not in group
Error: Vertex not in group
Error: Vertex not in group
Error: Vertex not in group
Error: Vertex not in group
Error: Vertex not in group
Error: Vertex not in group
Error: Vertex not in group
Error: Vertex not in group
Error: Vertex not in group
Error: Vertex not in group
Error: Vertex not in group
Error: Vertex not in group
Error: Vertex not in group
Error: Vertex not in group
Error: Vertex not in group
Error: Vertex not in group
Error: Vertex not in group
Error: Vertex not in group
Error: Vertex not in group
Error: Vertex not in group
Error: Vertex not in group
Error: Vertex not in group
Error: Vertex not in group
Error: Vertex not in group
Error: Vertex not in group
Error: Vertex not in group
Error: Vertex not in group
Error: Vertex not in group
Error: Vertex not in group
Error: Vertex not in group
Error: Vertex not in group
Error: Vertex not in group
Error: Vertex not in group
Error: Vertex not in group
Error: Vertex not in group
Error: Vertex not in group
Error: Vertex not in group
Error: Vertex not in group
Error: Vertex not in group
Error: Vertex not in group
Error: Vertex not in group
Error: Vertex not in group
Error: Vertex not in group
Error: Vertex not in group
Error: Vertex not in group
Error: Vertex not in group
Error: Vertex not in group
Error: Vertex not in group
Error: Vertex not in group
Error: Vertex not in group
Error: Vertex not in group
Error: Vertex not in group
Error: Vertex not in group
Error: Vertex not in group
Error: Vertex not in group
Error: Vertex not in group
Error: Vertex not in group
Error: Vertex not in group
Error: Vertex not in group
Error: Vertex not in group
Error: Vertex not in group
Error: Vertex not in group
Error: Vertex not in group
Error: Vertex not in group
Error: Vertex not in group
Error: Vertex not in group
Error: Vertex not in group
Error: Vertex not in group
Error: Vertex not in group
Error: Vertex not in group
Error: Vertex not in group
Error: Vertex not in group
Error: Vertex not in group
Error: Vertex not in group
Error: Vertex not in group
Error: Vertex not in group
Error: Vertex not in group
Error: Vertex not in group
Error: Vertex not in group
Error: Vertex not in group
Error: Vertex not in group
Error: Vertex not in group
Error: Vertex not in group
Error: Vertex not in group
Error: Vertex not in group
Error: Vertex not in group
Error: Vertex not in group
Error: Vertex not in group
Error: Vertex not in group
Error: Vertex not in group
Error: Vertex not in group
Error: Vertex not in group
Error: Vertex not in group
Error: Vertex not in group
Error: Vertex not in group
Error: Vertex not in group
Error: Vertex not in group
Error: Vertex not in group
Error: Vertex not in group
Error: Vertex not in group
Error: Vertex not in group
Error: Vertex not in group
Error: Vertex not in group
Error: Vertex not in group
Error: Vertex not in group
Error: Vertex not in group
Error: Vertex not in group
Error: Vertex not in group
Error: Vertex not in group
Error: Vertex not in group
Error: Vertex not in group
Error: Vertex not in group
Error: Vertex not in group
Error: Vertex not in group
Error: Vertex not in group
Error: Vertex not in group
Error: Vertex not in group
Error: Vertex not in group
Error: Vertex not in group
Error: Vertex not in group
Error: Vertex not in group
Error: Vertex not in group
Error: Vertex not in group
Error: Vertex not in group
Error: Vertex not in group
Error: Vertex not in group
Error: Vertex not in group
Error: Vertex not in group
Error: Vertex not in group
Error: Vertex not in group
Error: Vertex not in group
Error: Vertex not in group
Error: Vertex not in group
Error: Vertex not in group
Error: Vertex not in group
Error: Vertex not in group
Error: Vertex not in group
Error: Vertex not in group
Error: Vertex not in group
Error: Vertex not in group
Error: Vertex not in group
Error: Vertex not in group
Error: Vertex not in group
Error: Vertex not in group
Error: Vertex not in group
Error: Vertex not in group
Error: Vertex not in group
Error: Vertex not in group
Error: Vertex not in group
Error: Vertex not in group
Error: Vertex not in group
Error: Vertex not in group
Error: Vertex not in group
Error: Vertex not in group
Error: Vertex not in group
Error: Vertex not in group
Error: Vertex not in group
Error: Vertex not in group
Error: Vertex not in group
Error: Vertex not in group
Error: Vertex not in group
Error: Vertex not in group
Error: Vertex not in group
Error: Vertex not in group
Error: Vertex not in group
Error: Vertex not in group
Error: Vertex not in group
Error: Vertex not in group
Error: Vertex not in group
Error: Vertex not in group
Error: Vertex not in group
Error: Vertex not in group
Error: Vertex not in group
Error: Vertex not in group
Error: Vertex not in group
Error: Vertex not in group
Error: Vertex not in group
Error: Vertex not in group
Error: Vertex not in group
Error: Vertex not in group
Error: Vertex not in group
Error: Vertex not in group
Error: Vertex not in group
Error: Vertex not in group
Error: Vertex not in group
Error: Vertex not in group
Error: Vertex not in group
Error: Vertex not in group
Error: Vertex not in group
Error: Vertex not in group
Error: Vertex not in group
Error: Vertex not in group
Error: Vertex not in group
Error: Vertex not in group
Error: Vertex not in group
Error: Vertex not in group
Error: Vertex not in group
Error: Vertex not in group
Error: Vertex not in group
Error: Vertex not in group
Error: Vertex not in group
Error: Vertex not in group
Error: Vertex not in group
Error: Vertex not in group
Error: Vertex not in group
Error: Vertex not in group
Error: Vertex not in group
Error: Vertex not in group
Error: Vertex not in group
Error: Vertex not in group
Error: Vertex not in group
Error: Vertex not in group
Error: Vertex not in group
Error: Vertex not in group
Error: Vertex not in group
Error: Vertex not in group
Error: Vertex not in group
Error: Vertex not in group
Error: Vertex not in group
Error: Vertex not in group
Error: Vertex not in group
Error: Vertex not in group
Error: Vertex not in group
Error: Vertex not in group
Error: Vertex not in group
Error: Vertex not in group
Error: Vertex not in group
Error: Vertex not in group
Error: Vertex not in group
Error: Vertex not in group
Error: Vertex not in group
Error: Vertex not in group
Error: Vertex not in group
Error: Vertex not in group
Error: Vertex not in group
Error: Vertex not in group
Error: Vertex not in group
Error: Vertex not in group
Error: Vertex not in group
Error: Vertex not in group
Error: Vertex not in group
Error: Vertex not in group
Error: Vertex not in group
Error: Vertex not in group
Error: Vertex not in group
Error: Vertex not in group
Error: Vertex not in group
Error: Vertex not in group
Error: Vertex not in group
Error: Vertex not in group
Error: Vertex not in group
Error: Vertex not in group
Error: Vertex not in group
Error: Vertex not in group
Error: Vertex not in group
Error: Vertex not in group
Error: Vertex not in group
Error: Vertex not in group
Error: Vertex not in group
Error: Vertex not in group
Error: Vertex not in group
Error: Vertex not in group
Error: Vertex not in group
Error: Vertex not in group
Error: Vertex not in group
Error: Vertex not in group
Error: Vertex not in group
Error: Vertex not in group
Error: Vertex not in group
Error: Vertex not in group
Error: Vertex not in group
Error: Vertex not in group
Error: Vertex not in group
Error: Vertex not in group
Error: Vertex not in group
Error: Vertex not in group
Error: Vertex not in group
Error: Vertex not in group
Error: Vertex not in group
Error: Vertex not in group
Error: Vertex not in group
Error: Vertex not in group
Error: Vertex not in group
Error: Vertex not in group
Error: Vertex not in group
Error: Vertex not in group
Error: Vertex not in group
Error: Vertex not in group
Error: Vertex not in group
Error: Vertex not in group
Error: Vertex not in group
Error: Vertex not in group
Error: Vertex not in group
Error: Vertex not in group
Error: Vertex not in group
Error: Vertex not in group
Error: Vertex not in group
Error: Vertex not in group
Error: Vertex not in group
Error: Vertex not in group
Error: Vertex not in group
Error: Vertex not in group
Error: Vertex not in group
Error: Vertex not in group
Error: Vertex not in group
Error: Vertex not in group
Error: Vertex not in group
Error: Vertex not in group
Error: Vertex not in group
Error: Vertex not in group
Error: Vertex not in group
Error: Vertex not in group
Error: Vertex not in group
Error: Vertex not in group
Error: Vertex not in group
Error: Vertex not in group
Error: Vertex not in group
Error: Vertex not in group
Error: Vertex not in group
Error: Vertex not in group
Error: Vertex not in group
Error: Vertex not in group
Error: Vertex not in group
Error: Vertex not in group
Error: Vertex not in group
Error: Vertex not in group
Error: Vertex not in group
Error: Vertex not in group
Error: Vertex not in group
Error: Vertex not in group
Error: Vertex not in group
Error: Vertex not in group
Error: Vertex not in group
Error: Vertex not in group
Error: Vertex not in group
Error: Vertex not in group
Error: Vertex not in group
Error: Vertex not in group
Error: Vertex not in group
Error: Vertex not in group
Error: Vertex not in group
Error: Vertex not in group
Error: Vertex not in group
Error: Vertex not in group
Error: Vertex not in group
Error: Vertex not in group
Error: Vertex not in group
Error: Vertex not in group
Error: Vertex not in group
Error: Vertex not in group
Error: Vertex not in group
Error: Vertex not in group
Error: Vertex not in group
Error: Vertex not in group
Error: Vertex not in group
Error: Vertex not in group
Error: Vertex not in group
Error: Vertex not in group
Error: Vertex not in group
Error: Vertex not in group
Error: Vertex not in group
Error: Vertex not in group
Error: Vertex not in group
Error: Vertex not in group
Error: Vertex not in group
Error: Vertex not in group
Error: Vertex not in group
Error: Vertex not in group
Error: Vertex not in group
Error: Vertex not in group
Error: Vertex not in group
Error: Vertex not in group
Error: Vertex not in group
Error: Vertex not in group
Error: Vertex not in group
Error: Vertex not in group
Error: Vertex not in group
Error: Vertex not in group
Error: Vertex not in group
Error: Vertex not in group
Error: Vertex not in group
Error: Vertex not in group
Error: Vertex not in group
Error: Vertex not in group
Error: Vertex not in group
Error: Vertex not in group
Error: Vertex not in group
Error: Vertex not in group
Error: Vertex not in group
Error: Vertex not in group
Error: Vertex not in group
Error: Vertex not in group
Error: Vertex not in group
Error: Vertex not in group
Error: Vertex not in group
Error: Vertex not in group
Error: Vertex not in group
Error: Vertex not in group
Error: Vertex not in group
Error: Vertex not in group
Error: Vertex not in group
Error: Vertex not in group
Error: Vertex not in group
Error: Vertex not in group
Error: Vertex not in group
Error: Vertex not in group
Error: Vertex not in group
Error: Vertex not in group
Error: Vertex not in group
Error: Vertex not in group
Error: Vertex not in group
Error: Vertex not in group
Error: Vertex not in group
Error: Vertex not in group
Error: Vertex not in group
Error: Vertex not in group
Error: Vertex not in group
Error: Vertex not in group
Error: Vertex not in group
Error: Vertex not in group
Error: Vertex not in group
Error: Vertex not in group
Error: Vertex not in group
Error: Vertex not in group
Error: Vertex not in group
Error: Vertex not in group
Error: Vertex not in group
Error: Vertex not in group
Error: Vertex not in group
Error: Vertex not in group
Error: Vertex not in group
Error: Vertex not in group
Error: Vertex not in group
Error: Vertex not in group
Error: Vertex not in group
Error: Vertex not in group
Error: Vertex not in group
Error: Vertex not in group
Error: Vertex not in group
Error: Vertex not in group
Error: Vertex not in group
Error: Vertex not in group
Error: Vertex not in group
Error: Vertex not in group
Error: Vertex not in group
Error: Vertex not in group
Error: Vertex not in group
Error: Vertex not in group
Error: Vertex not in group
Error: Vertex not in group
Error: Vertex not in group
Error: Vertex not in group
Error: Vertex not in group
Error: Vertex not in group
Error: Vertex not in group
Error: Vertex not in group
Error: Vertex not in group
Error: Vertex not in group
Error: Vertex not in group
Error: Vertex not in group
Error: Vertex not in group
Error: Vertex not in group
Error: Vertex not in group
Error: Vertex not in group
Error: Vertex not in group
Error: Vertex not in group
Error: Vertex not in group
Error: Vertex not in group
Error: Vertex not in group
Error: Vertex not in group
Error: Vertex not in group
Error: Vertex not in group
Error: Vertex not in group
Error: Vertex not in group
Error: Vertex not in group
Error: Vertex not in group
Error: Vertex not in group
Error: Vertex not in group
Error: Vertex not in group
Error: Vertex not in group
Error: Vertex not in group
Error: Vertex not in group
Error: Vertex not in group
Error: Vertex not in group
Error: Vertex not in group
Error: Vertex not in group
Error: Vertex not in group
Error: Vertex not in group
Error: Vertex not in group
Error: Vertex not in group
Error: Vertex not in group
Error: Vertex not in group
Error: Vertex not in group
Error: Vertex not in group
Error: Vertex not in group
Error: Vertex not in group
Error: Vertex not in group
Error: Vertex not in group
Error: Vertex not in group
Error: Vertex not in group
Error: Vertex not in group
Error: Vertex not in group
Error: Vertex not in group
Error: Vertex not in group
Error: Vertex not in group
Error: Vertex not in group
Error: Vertex not in group
Error: Vertex not in group
Error: Vertex not in group
Error: Vertex not in group
Error: Vertex not in group
Error: Vertex not in group
Error: Vertex not in group
Error: Vertex not in group
Error: Vertex not in group
Error: Vertex not in group
Error: Vertex not in group
Error: Vertex not in group
Error: Vertex not in group
Error: Vertex not in group
Error: Vertex not in group
Error: Vertex not in group
Error: Vertex not in group
Error: Vertex not in group
Error: Vertex not in group
Error: Vertex not in group
Error: Vertex not in group
Error: Vertex not in group
Error: Vertex not in group
Error: Vertex not in group
Error: Vertex not in group
Error: Vertex not in group
Error: Vertex not in group
Error: Vertex not in group
Error: Vertex not in group
Error: Vertex not in group
Error: Vertex not in group
Error: Vertex not in group
Error: Vertex not in group
Error: Vertex not in group
Error: Vertex not in group
Error: Vertex not in group
Error: Vertex not in group
Error: Vertex not in group
Error: Vertex not in group
Error: Vertex not in group
Error: Vertex not in group
Error: Vertex not in group
Error: Vertex not in group
Error: Vertex not in group
Error: Vertex not in group
Error: Vertex not in group
Error: Vertex not in group
Error: Vertex not in group
Error: Vertex not in group
Error: Vertex not in group
Error: Vertex not in group
Error: Vertex not in group
Error: Vertex not in group
Error: Vertex not in group
Error: Vertex not in group
Error: Vertex not in group
Error: Vertex not in group
Error: Vertex not in group
Error: Vertex not in group
Error: Vertex not in group
Error: Vertex not in group
Error: Vertex not in group
Error: Vertex not in group
Error: Vertex not in group
Error: Vertex not in group
Error: Vertex not in group
Error: Vertex not in group
Error: Vertex not in group
Error: Vertex not in group
Error: Vertex not in group
Error: Vertex not in group
Error: Vertex not in group
Error: Vertex not in group
Error: Vertex not in group
Error: Vertex not in group
Error: Vertex not in group
Error: Vertex not in group
Error: Vertex not in group
Error: Vertex not in group
Error: Vertex not in group
Error: Vertex not in group
Error: Vertex not in group
Error: Vertex not in group
Error: Vertex not in group
Error: Vertex not in group
Error: Vertex not in group
Error: Vertex not in group
Error: Vertex not in group
Error: Vertex not in group
Error: Vertex not in group
Error: Vertex not in group
Error: Vertex not in group
Error: Vertex not in group
Error: Vertex not in group
Error: Vertex not in group
Error: Vertex not in group
Error: Vertex not in group
Error: Vertex not in group
Error: Vertex not in group
Error: Vertex not in group
Error: Vertex not in group
Error: Vertex not in group
Error: Vertex not in group
Error: Vertex not in group
Error: Vertex not in group
Error: Vertex not in group
Error: Vertex not in group
Error: Vertex not in group
Error: Vertex not in group
Error: Vertex not in group
Error: Vertex not in group
Error: Vertex not in group
Error: Vertex not in group
Error: Vertex not in group
Error: Vertex not in group
Error: Vertex not in group
Error: Vertex not in group
Error: Vertex not in group
Error: Vertex not in group
Error: Vertex not in group
Error: Vertex not in group
Error: Vertex not in group
Error: Vertex not in group
Error: Vertex not in group
Error: Vertex not in group
Error: Vertex not in group
Error: Vertex not in group
Error: Vertex not in group
Error: Vertex not in group
Error: Vertex not in group
Error: Vertex not in group
Error: Vertex not in group
Error: Vertex not in group
Error: Vertex not in group
Error: Vertex not in group
Error: Vertex not in group
Error: Vertex not in group
Error: Vertex not in group
Error: Vertex not in group
Error: Vertex not in group
Error: Vertex not in group
Error: Vertex not in group
Error: Vertex not in group
Error: Vertex not in group
Error: Vertex not in group
Error: Vertex not in group
Error: Vertex not in group
Error: Vertex not in group
Error: Vertex not in group
Error: Vertex not in group
Error: Vertex not in group
Error: Vertex not in group
Error: Vertex not in group
Error: Vertex not in group
Error: Vertex not in group
Error: Vertex not in group
Error: Vertex not in group
Error: Vertex not in group
Error: Vertex not in group
Error: Vertex not in group
Error: Vertex not in group
Error: Vertex not in group
Error: Vertex not in group
Error: Vertex not in group
Error: Vertex not in group
Error: Vertex not in group
Error: Vertex not in group
Error: Vertex not in group
Error: Vertex not in group
Error: Vertex not in group
Error: Vertex not in group
Error: Vertex not in group
Error: Vertex not in group
Error: Vertex not in group
Error: Vertex not in group
Error: Vertex not in group
Error: Vertex not in group
Error: Vertex not in group
Error: Vertex not in group
Error: Vertex not in group
Error: Vertex not in group
Error: Vertex not in group
Error: Vertex not in group
Error: Vertex not in group
Error: Vertex not in group
Error: Vertex not in group
Error: Vertex not in group
Error: Vertex not in group
Error: Vertex not in group
Error: Vertex not in group
Error: Vertex not in group
Error: Vertex not in group
Error: Vertex not in group
Error: Vertex not in group
Error: Vertex not in group
Error: Vertex not in group
Error: Vertex not in group
Error: Vertex not in group
Error: Vertex not in group
Error: Vertex not in group
Error: Vertex not in group
Error: Vertex not in group
Error: Vertex not in group
Error: Vertex not in group
Error: Vertex not in group
Error: Vertex not in group
Error: Vertex not in group
Error: Vertex not in group
Error: Vertex not in group
Error: Vertex not in group
Error: Vertex not in group
Error: Vertex not in group
Error: Vertex not in group
Error: Vertex not in group
Error: Vertex not in group
Error: Vertex not in group
Error: Vertex not in group
Error: Vertex not in group
Error: Vertex not in group
Error: Vertex not in group
Error: Vertex not in group
Error: Vertex not in group
Error: Vertex not in group
Error: Vertex not in group
Error: Vertex not in group
Error: Vertex not in group
Error: Vertex not in group
Error: Vertex not in group
Error: Vertex not in group
Error: Vertex not in group
Error: Vertex not in group
Error: Vertex not in group
Error: Vertex not in group
Error: Vertex not in group
Error: Vertex not in group
Error: Vertex not in group
Error: Vertex not in group
Error: Vertex not in group
Error: Vertex not in group
Error: Vertex not in group
Error: Vertex not in group
Error: Vertex not in group
Error: Vertex not in group
Error: Vertex not in group
Error: Vertex not in group
Error: Vertex not in group
Error: Vertex not in group
Error: Vertex not in group
Error: Vertex not in group
Error: Vertex not in group
Error: Vertex not in group
Error: Vertex not in group
Error: Vertex not in group
Error: Vertex not in group
Error: Vertex not in group
Error: Vertex not in group
Error: Vertex not in group
Error: Vertex not in group
Error: Vertex not in group
Error: Vertex not in group
Error: Vertex not in group
Error: Vertex not in group
Error: Vertex not in group
Error: Vertex not in group
Error: Vertex not in group
Error: Vertex not in group
Error: Vertex not in group
Error: Vertex not in group
Error: Vertex not in group
Error: Vertex not in group
Error: Vertex not in group
Error: Vertex not in group
Error: Vertex not in group
Error: Vertex not in group
Error: Vertex not in group
Error: Vertex not in group
Error: Vertex not in group
Error: Vertex not in group
Error: Vertex not in group
Error: Vertex not in group
Error: Vertex not in group
Error: Vertex not in group
Error: Vertex not in group
Error: Vertex not in group
Error: Vertex not in group
Error: Vertex not in group
Error: Vertex not in group
Error: Vertex not in group
Error: Vertex not in group
Error: Vertex not in group
Error: Vertex not in group
Error: Vertex not in group
Error: Vertex not in group
Error: Vertex not in group
Error: Vertex not in group
Error: Vertex not in group
Error: Vertex not in group
Error: Vertex not in group
Error: Vertex not in group
Error: Vertex not in group
Error: Vertex not in group
Error: Vertex not in group
Error: Vertex not in group
Error: Vertex not in group
Error: Vertex not in group
Error: Vertex not in group
Error: Vertex not in group
Error: Vertex not in group
Error: Vertex not in group
Error: Vertex not in group
Error: Vertex not in group
Error: Vertex not in group
Error: Vertex not in group
Error: Vertex not in group
Error: Vertex not in group
Error: Vertex not in group
Error: Vertex not in group
Error: Vertex not in group
Error: Vertex not in group
Error: Vertex not in group
Error: Vertex not in group
Error: Vertex not in group
Error: Vertex not in group
Error: Vertex not in group
Error: Vertex not in group
Error: Vertex not in group
Error: Vertex not in group
Error: Vertex not in group
Error: Vertex not in group
Error: Vertex not in group
Error: Vertex not in group
Error: Vertex not in group
Error: Vertex not in group
Error: Vertex not in group
Error: Vertex not in group
Error: Vertex not in group
Error: Vertex not in group
Error: Vertex not in group
Error: Vertex not in group
Error: Vertex not in group
Error: Vertex not in group
Error: Vertex not in group
Error: Vertex not in group
Error: Vertex not in group
Error: Vertex not in group
Error: Vertex not in group
Error: Vertex not in group
Error: Vertex not in group
Error: Vertex not in group
Error: Vertex not in group
Error: Vertex not in group
Error: Vertex not in group
Error: Vertex not in group
Error: Vertex not in group
Error: Vertex not in group
Error: Vertex not in group
Error: Vertex not in group
Error: Vertex not in group
Error: Vertex not in group
Error: Vertex not in group
Error: Vertex not in group
Error: Vertex not in group
Error: Vertex not in group
Error: Vertex not in group
Error: Vertex not in group
Error: Vertex not in group
Error: Vertex not in group
Error: Vertex not in group
Error: Vertex not in group
Error: Vertex not in group
Error: Vertex not in group
Error: Vertex not in group
Error: Vertex not in group
Error: Vertex not in group
Error: Vertex not in group
Error: Vertex not in group
Error: Vertex not in group
Error: Vertex not in group
Error: Vertex not in group
Error: Vertex not in group
Error: Vertex not in group
Error: Vertex not in group
Error: Vertex not in group
Error: Vertex not in group
Error: Vertex not in group
Error: Vertex not in group
Error: Vertex not in group
Error: Vertex not in group
Error: Vertex not in group
Error: Vertex not in group
Error: Vertex not in group
Error: Vertex not in group
Error: Vertex not in group
Error: Vertex not in group
Error: Vertex not in group
Error: Vertex not in group
Error: Vertex not in group
Error: Vertex not in group
Error: Vertex not in group
Error: Vertex not in group
Error: Vertex not in group
Error: Vertex not in group
Error: Vertex not in group
Error: Vertex not in group
Error: Vertex not in group
Error: Vertex not in group
Error: Vertex not in group
Error: Vertex not in group
Error: Vertex not in group
Error: Vertex not in group
Error: Vertex not in group
Error: Vertex not in group
Error: Vertex not in group
Error: Vertex not in group
Error: Vertex not in group
Error: Vertex not in group
Error: Vertex not in group
Error: Vertex not in group
Error: Vertex not in group
Error: Vertex not in group
Error: Vertex not in group
Error: Vertex not in group
Error: Vertex not in group
Error: Vertex not in group
Error: Vertex not in group
Error: Vertex not in group
Error: Vertex not in group
Error: Vertex not in group
Error: Vertex not in group
Error: Vertex not in group
Error: Vertex not in group
Error: Vertex not in group
Error: Vertex not in group
Error: Vertex not in group
Error: Vertex not in group
Error: Vertex not in group
Error: Vertex not in group
Error: Vertex not in group
Error: Vertex not in group
Error: Vertex not in group
Error: Vertex not in group
Error: Vertex not in group
Error: Vertex not in group
Error: Vertex not in group
Error: Vertex not in group
Error: Vertex not in group
Error: Vertex not in group
Error: Vertex not in group
Error: Vertex not in group
Error: Vertex not in group
Error: Vertex not in group
Error: Vertex not in group
Error: Vertex not in group
Error: Vertex not in group
Error: Vertex not in group
Error: Vertex not in group
Error: Vertex not in group
Error: Vertex not in group
Error: Vertex not in group
Error: Vertex not in group
Error: Vertex not in group
Error: Vertex not in group
Error: Vertex not in group
Error: Vertex not in group
Error: Vertex not in group
Error: Vertex not in group
Error: Vertex not in group
Error: Vertex not in group
Error: Vertex not in group
Error: Vertex not in group
Error: Vertex not in group
Error: Vertex not in group
Error: Vertex not in group
Error: Vertex not in group
Error: Vertex not in group
Error: Vertex not in group
Error: Vertex not in group
Error: Vertex not in group
Error: Vertex not in group
Error: Vertex not in group
Error: Vertex not in group
Error: Vertex not in group
Error: Vertex not in group
Error: Vertex not in group
Error: Vertex not in group
Error: Vertex not in group
Error: Vertex not in group
Error: Vertex not in group
Error: Vertex not in group
Error: Vertex not in group
Error: Vertex not in group
Error: Vertex not in group
Error: Vertex not in group
Error: Vertex not in group
Error: Vertex not in group
Error: Vertex not in group
Error: Vertex not in group
Error: Vertex not in group
Error: Vertex not in group
Error: Vertex not in group
Error: Vertex not in group
Error: Vertex not in group
Error: Vertex not in group
Error: Vertex not in group
Error: Vertex not in group
Error: Vertex not in group
Error: Vertex not in group
Error: Vertex not in group
Error: Vertex not in group
Error: Vertex not in group
Error: Vertex not in group
Error: Vertex not in group
Error: Vertex not in group
Error: Vertex not in group
Error: Vertex not in group
Error: Vertex not in group
Error: Vertex not in group
Error: Vertex not in group
Error: Vertex not in group
Error: Vertex not in group
Error: Vertex not in group
Error: Vertex not in group
Error: Vertex not in group
Error: Vertex not in group
Error: Vertex not in group
Error: Vertex not in group
Error: Vertex not in group
Error: Vertex not in group
Error: Vertex not in group
Error: Vertex not in group
Error: Vertex not in group
Error: Vertex not in group
Error: Vertex not in group
Error: Vertex not in group
Error: Vertex not in group
Error: Vertex not in group
Error: Vertex not in group
Error: Vertex not in group
Error: Vertex not in group
Error: Vertex not in group
Error: Vertex not in group
Error: Vertex not in group
Error: Vertex not in group
Error: Vertex not in group
Error: Vertex not in group
Error: Vertex not in group
Error: Vertex not in group
Error: Vertex not in group
Error: Vertex not in group
Error: Vertex not in group
Error: Vertex not in group
Error: Vertex not in group
Error: Vertex not in group
Error: Vertex not in group
Error: Vertex not in group
Error: Vertex not in group
Error: Vertex not in group
Error: Vertex not in group
Error: Vertex not in group
Error: Vertex not in group
Error: Vertex not in group
Error: Vertex not in group
Error: Vertex not in group
Error: Vertex not in group
Error: Vertex not in group
Error: Vertex not in group
Error: Vertex not in group
Error: Vertex not in group
Error: Vertex not in group
Error: Vertex not in group
Error: Vertex not in group
Error: Vertex not in group
Error: Vertex not in group
Error: Vertex not in group
Error: Vertex not in group
Error: Vertex not in group
Error: Vertex not in group
Error: Vertex not in group
Error: Vertex not in group
Error: Vertex not in group
Error: Vertex not in group
Error: Vertex not in group
Error: Vertex not in group
Error: Vertex not in group
Error: Vertex not in group
Error: Vertex not in group
Error: Vertex not in group
Error: Vertex not in group
Error: Vertex not in group
Error: Vertex not in group
Error: Vertex not in group
Error: Vertex not in group
Error: Vertex not in group
Error: Vertex not in group
Error: Vertex not in group
Error: Vertex not in group
Error: Vertex not in group
Error: Vertex not in group
Error: Vertex not in group
Error: Vertex not in group
Error: Vertex not in group
Error: Vertex not in group
Error: Vertex not in group
Error: Vertex not in group
Error: Vertex not in group
Error: Vertex not in group
Error: Vertex not in group
Error: Vertex not in group
Error: Vertex not in group
Error: Vertex not in group
Error: Vertex not in group
Error: Vertex not in group
Error: Vertex not in group
Error: Vertex not in group
Error: Vertex not in group
Error: Vertex not in group
Error: Vertex not in group
Error: Vertex not in group
Error: Vertex not in group
Error: Vertex not in group
Error: Vertex not in group
Error: Vertex not in group
Error: Vertex not in group
Error: Vertex not in group
Error: Vertex not in group
Error: Vertex not in group
Error: Vertex not in group
Error: Vertex not in group
Error: Vertex not in group
Error: Vertex not in group
Error: Vertex not in group
Error: Vertex not in group
Error: Vertex not in group
Error: Vertex not in group
Error: Vertex not in group
Error: Vertex not in group
Error: Vertex not in group
Error: Vertex not in group
Error: Vertex not in group
Error: Vertex not in group
Error: Vertex not in group
Error: Vertex not in group
Error: Vertex not in group
Error: Vertex not in group
Error: Vertex not in group
Error: Vertex not in group
Error: Vertex not in group
Error: Vertex not in group
Error: Vertex not in group
Error: Vertex not in group
Error: Vertex not in group
Error: Vertex not in group
Error: Vertex not in group
Error: Vertex not in group
Error: Vertex not in group
Error: Vertex not in group
Error: Vertex not in group
Error: Vertex not in group
Error: Vertex not in group
Error: Vertex not in group
Error: Vertex not in group
Error: Vertex not in group
Error: Vertex not in group
Error: Vertex not in group
Error: Vertex not in group
Error: Vertex not in group
Error: Vertex not in group
Error: Vertex not in group
Error: Vertex not in group
Error: Vertex not in group
Error: Vertex not in group
Error: Vertex not in group
Error: Vertex not in group
Error: Vertex not in group
Error: Vertex not in group
Error: Vertex not in group
Error: Vertex not in group
Error: Vertex not in group
Error: Vertex not in group
Error: Vertex not in group
Error: Vertex not in group
Error: Vertex not in group
Error: Vertex not in group
Error: Vertex not in group
Error: Vertex not in group
Error: Vertex not in group
Error: Vertex not in group
Error: Vertex not in group
Error: Vertex not in group
Error: Vertex not in group
Error: Vertex not in group
Error: Vertex not in group
Error: Vertex not in group
Error: Vertex not in group
Error: Vertex not in group
Error: Vertex not in group
Error: Vertex not in group
Error: Vertex not in group
Error: Vertex not in group
Error: Vertex not in group
Error: Vertex not in group
Error: Vertex not in group
Error: Vertex not in group
Error: Vertex not in group
Error: Vertex not in group
Error: Vertex not in group
Error: Vertex not in group
Error: Vertex not in group
Error: Vertex not in group
Error: Vertex not in group
Error: Vertex not in group
Error: Vertex not in group
Error: Vertex not in group
Error: Vertex not in group
Error: Vertex not in group
Error: Vertex not in group
Error: Vertex not in group
Error: Vertex not in group
Error: Vertex not in group
Error: Vertex not in group
Error: Vertex not in group
Error: Vertex not in group
Error: Vertex not in group
Error: Vertex not in group
Error: Vertex not in group
Error: Vertex not in group
Error: Vertex not in group
Error: Vertex not in group
Error: Vertex not in group
Error: Vertex not in group
Error: Vertex not in group
Error: Vertex not in group
Error: Vertex not in group
Error: Vertex not in group
Error: Vertex not in group
Error: Vertex not in group
Error: Vertex not in group
Error: Vertex not in group
Error: Vertex not in group
Error: Vertex not in group
Error: Vertex not in group
Error: Vertex not in group
Error: Vertex not in group
Error: Vertex not in group
Error: Vertex not in group
Error: Vertex not in group
Error: Vertex not in group
Error: Vertex not in group
Error: Vertex not in group
Error: Vertex not in group
Error: Vertex not in group
Error: Vertex not in group
Error: Vertex not in group
Error: Vertex not in group
Error: Vertex not in group
Error: Vertex not in group
Error: Vertex not in group
Error: Vertex not in group
Error: Vertex not in group
Error: Vertex not in group
Error: Vertex not in group
Error: Vertex not in group
Error: Vertex not in group
Error: Vertex not in group
Error: Vertex not in group
Error: Vertex not in group
Error: Vertex not in group
Error: Vertex not in group
Error: Vertex not in group
Error: Vertex not in group
Error: Vertex not in group
Error: Vertex not in group
Error: Vertex not in group
Error: Vertex not in group
Error: Vertex not in group
Error: Vertex not in group
Error: Vertex not in group
Error: Vertex not in group
Error: Vertex not in group
Error: Vertex not in group
Error: Vertex not in group
Error: Vertex not in group
Error: Vertex not in group
Error: Vertex not in group
Error: Vertex not in group
Error: Vertex not in group
Error: Vertex not in group
Error: Vertex not in group
Error: Vertex not in group
Error: Vertex not in group
Error: Vertex not in group
Error: Vertex not in group
Error: Vertex not in group
Error: Vertex not in group
Error: Vertex not in group
Error: Vertex not in group
Error: Vertex not in group
Error: Vertex not in group
Error: Vertex not in group
Error: Vertex not in group
Error: Vertex not in group
Error: Vertex not in group
Error: Vertex not in group
Error: Vertex not in group
Error: Vertex not in group
Error: Vertex not in group
Error: Vertex not in group
Error: Vertex not in group
Error: Vertex not in group
Error: Vertex not in group
Error: Vertex not in group
Error: Vertex not in group
Error: Vertex not in group
Error: Vertex not in group
Error: Vertex not in group
Error: Vertex not in group
Error: Vertex not in group
Error: Vertex not in group
Error: Vertex not in group
Error: Vertex not in group
Error: Vertex not in group
Error: Vertex not in group
Error: Vertex not in group
Error: Vertex not in group
Error: Vertex not in group
Error: Vertex not in group
Error: Vertex not in group
Error: Vertex not in group
Error: Vertex not in group
Error: Vertex not in group
Error: Vertex not in group
Error: Vertex not in group
Error: Vertex not in group
Error: Vertex not in group
Error: Vertex not in group
Error: Vertex not in group
Error: Vertex not in group
Error: Vertex not in group
Error: Vertex not in group
Error: Vertex not in group
Error: Vertex not in group
Error: Vertex not in group
Error: Vertex not in group
Error: Vertex not in group
Error: Vertex not in group
Error: Vertex not in group
Error: Vertex not in group
Error: Vertex not in group
Error: Vertex not in group
Error: Vertex not in group
Error: Vertex not in group
Error: Vertex not in group
Error: Vertex not in group
Error: Vertex not in group
Error: Vertex not in group
Error: Vertex not in group
Error: Vertex not in group
Error: Vertex not in group
Error: Vertex not in group
Error: Vertex not in group
Error: Vertex not in group
Error: Vertex not in group
Error: Vertex not in group
Error: Vertex not in group
Error: Vertex not in group
Error: Vertex not in group
Error: Vertex not in group
Error: Vertex not in group
Error: Vertex not in group
Error: Vertex not in group
Error: Vertex not in group
Error: Vertex not in group
Error: Vertex not in group
Error: Vertex not in group
Error: Vertex not in group
Error: Vertex not in group
Error: Vertex not in group
Error: Vertex not in group
Error: Vertex not in group
Error: Vertex not in group
Error: Vertex not in group
Error: Vertex not in group
Error: Vertex not in group
Error: Vertex not in group
Error: Vertex not in group
Error: Vertex not in group
Error: Vertex not in group
Error: Vertex not in group
Error: Vertex not in group
Error: Vertex not in group
Error: Vertex not in group
Error: Vertex not in group
Error: Vertex not in group
Error: Vertex not in group
Error: Vertex not in group
Error: Vertex not in group
Error: Vertex not in group
Error: Vertex not in group
Error: Vertex not in group
Error: Vertex not in group
Error: Vertex not in group
Error: Vertex not in group
Error: Vertex not in group
Error: Vertex not in group
Error: Vertex not in group
Error: Vertex not in group
Error: Vertex not in group
Error: Vertex not in group
Error: Vertex not in group
Error: Vertex not in group
Error: Vertex not in group
Error: Vertex not in group
Error: Vertex not in group
Error: Vertex not in group
Error: Vertex not in group
Error: Vertex not in group
Error: Vertex not in group
Error: Vertex not in group
Error: Vertex not in group
Error: Vertex not in group
Error: Vertex not in group
Error: Vertex not in group
Error: Vertex not in group
Error: Vertex not in group
Error: Vertex not in group
Error: Vertex not in group
Error: Vertex not in group
Error: Vertex not in group
Error: Vertex not in group
Error: Vertex not in group
Error: Vertex not in group
Error: Vertex not in group
Error: Vertex not in group
Error: Vertex not in group
Error: Vertex not in group
Error: Vertex not in group
Error: Vertex not in group
Error: Vertex not in group
Error: Vertex not in group
Error: Vertex not in group
Error: Vertex not in group
Error: Vertex not in group
Error: Vertex not in group
Error: Vertex not in group
Error: Vertex not in group
Error: Vertex not in group
Error: Vertex not in group
Error: Vertex not in group
Error: Vertex not in group
Error: Vertex not in group
Error: Vertex not in group
Error: Vertex not in group
Error: Vertex not in group
Error: Vertex not in group
Error: Vertex not in group
Error: Vertex not in group
Error: Vertex not in group
Error: Vertex not in group
Error: Vertex not in group
Error: Vertex not in group
Error: Vertex not in group
Error: Vertex not in group
Error: Vertex not in group
Error: Vertex not in group
Error: Vertex not in group
Error: Vertex not in group
Error: Vertex not in group
Error: Vertex not in group
Error: Vertex not in group
Error: Vertex not in group
Error: Vertex not in group
Error: Vertex not in group
Error: Vertex not in group
Error: Vertex not in group
Error: Vertex not in group
Error: Vertex not in group
Error: Vertex not in group
Error: Vertex not in group
Error: Vertex not in group
Error: Vertex not in group
Error: Vertex not in group
Error: Vertex not in group
Error: Vertex not in group
Error: Vertex not in group
Error: Vertex not in group
Error: Vertex not in group
Error: Vertex not in group
Error: Vertex not in group
Error: Vertex not in group
Error: Vertex not in group
Error: Vertex not in group
Error: Vertex not in group
Error: Vertex not in group
Error: Vertex not in group
Error: Vertex not in group
Error: Vertex not in group
Error: Vertex not in group
Error: Vertex not in group
Error: Vertex not in group
Error: Vertex not in group
Error: Vertex not in group
Error: Vertex not in group
Error: Vertex not in group
Error: Vertex not in group
Error: Vertex not in group
Error: Vertex not in group
Error: Vertex not in group
Error: Vertex not in group
Error: Vertex not in group
Error: Vertex not in group
Error: Vertex not in group
Error: Vertex not in group
Error: Vertex not in group
Error: Vertex not in group
Error: Vertex not in group
Error: Vertex not in group
Error: Vertex not in group
Error: Vertex not in group
Error: Vertex not in group
Error: Vertex not in group
Error: Vertex not in group
Error: Vertex not in group
Error: Vertex not in group
Error: Vertex not in group
Error: Vertex not in group
Error: Vertex not in group
Error: Vertex not in group
Error: Vertex not in group
Error: Vertex not in group
Error: Vertex not in group
Error: Vertex not in group
Error: Vertex not in group
Error: Vertex not in group
Error: Vertex not in group
Error: Vertex not in group
Error: Vertex not in group
Error: Vertex not in group
Error: Vertex not in group
Error: Vertex not in group
Error: Vertex not in group
Error: Vertex not in group
Error: Vertex not in group
Error: Vertex not in group
Error: Vertex not in group
Error: Vertex not in group
Error: Vertex not in group
Error: Vertex not in group
Error: Vertex not in group
Error: Vertex not in group
Error: Vertex not in group
Error: Vertex not in group
Error: Vertex not in group
Error: Vertex not in group
Error: Vertex not in group
Error: Vertex not in group
Error: Vertex not in group
Error: Vertex not in group
Error: Vertex not in group
Error: Vertex not in group
Error: Vertex not in group
Error: Vertex not in group
Error: Vertex not in group
Error: Vertex not in group
Error: Vertex not in group
Error: Vertex not in group
Error: Vertex not in group
Error: Vertex not in group
Error: Vertex not in group
Error: Vertex not in group
Error: Vertex not in group
Error: Vertex not in group
Error: Vertex not in group
Error: Vertex not in group
Error: Vertex not in group
Error: Vertex not in group
Error: Vertex not in group
Error: Vertex not in group
Error: Vertex not in group
Error: Vertex not in group
Error: Vertex not in group
Error: Vertex not in group
Error: Vertex not in group
Error: Vertex not in group
Error: Vertex not in group
Error: Vertex not in group
Error: Vertex not in group
Error: Vertex not in group
Error: Vertex not in group
Error: Vertex not in group
Error: Vertex not in group
Error: Vertex not in group
Error: Vertex not in group
Error: Vertex not in group
Error: Vertex not in group
Error: Vertex not in group
Error: Vertex not in group
Error: Vertex not in group
Error: Vertex not in group
Error: Vertex not in group
Error: Vertex not in group
Error: Vertex not in group
Error: Vertex not in group
Error: Vertex not in group
Error: Vertex not in group
Error: Vertex not in group
Error: Vertex not in group
Error: Vertex not in group
Error: Vertex not in group
Error: Vertex not in group
Error: Vertex not in group
Error: Vertex not in group
Error: Vertex not in group
Error: Vertex not in group
Error: Vertex not in group
Error: Vertex not in group
Error: Vertex not in group
Error: Vertex not in group
Error: Vertex not in group
Error: Vertex not in group
Error: Vertex not in group
Error: Vertex not in group
Error: Vertex not in group
Error: Vertex not in group
Error: Vertex not in group
Error: Vertex not in group
Error: Vertex not in group
Error: Vertex not in group
Error: Vertex not in group
Error: Vertex not in group
Error: Vertex not in group
Error: Vertex not in group
Error: Vertex not in group
Error: Vertex not in group
Error: Vertex not in group
Error: Vertex not in group
Error: Vertex not in group
Error: Vertex not in group
Error: Vertex not in group
Error: Vertex not in group
Error: Vertex not in group
Error: Vertex not in group
Error: Vertex not in group
Error: Vertex not in group
Error: Vertex not in group
Error: Vertex not in group
Error: Vertex not in group
Error: Vertex not in group
Error: Vertex not in group
Error: Vertex not in group
Error: Vertex not in group
Error: Vertex not in group
Error: Vertex not in group
Error: Vertex not in group
Error: Vertex not in group
Error: Vertex not in group
Error: Vertex not in group
Error: Vertex not in group
Error: Vertex not in group
Error: Vertex not in group
Error: Vertex not in group
Error: Vertex not in group
Error: Vertex not in group
Error: Vertex not in group
Error: Vertex not in group
Error: Vertex not in group
Error: Vertex not in group
Error: Vertex not in group
Error: Vertex not in group
Error: Vertex not in group
Error: Vertex not in group
Error: Vertex not in group
Error: Vertex not in group
Error: Vertex not in group
Error: Vertex not in group
Error: Vertex not in group
Error: Vertex not in group
Error: Vertex not in group
Error: Vertex not in group
Error: Vertex not in group
Error: Vertex not in group
Error: Vertex not in group
Error: Vertex not in group
Error: Vertex not in group
Error: Vertex not in group
Error: Vertex not in group
Error: Vertex not in group
Error: Vertex not in group
Error: Vertex not in group
Error: Vertex not in group
Error: Vertex not in group
Error: Vertex not in group
Error: Vertex not in group
Error: Vertex not in group
Error: Vertex not in group
Error: Vertex not in group
Error: Vertex not in group
Error: Vertex not in group
Error: Vertex not in group
Error: Vertex not in group
Error: Vertex not in group
Error: Vertex not in group
Error: Vertex not in group
Error: Vertex not in group
Error: Vertex not in group
Error: Vertex not in group
Error: Vertex not in group
Error: Vertex not in group
Error: Vertex not in group
Error: Vertex not in group
Error: Vertex not in group
Error: Vertex not in group
Error: Vertex not in group
Error: Vertex not in group
Error: Vertex not in group
Error: Vertex not in group
Error: Vertex not in group
Error: Vertex not in group
Error: Vertex not in group
Error: Vertex not in group
Error: Vertex not in group
Error: Vertex not in group
Error: Vertex not in group
Error: Vertex not in group
Error: Vertex not in group
Error: Vertex not in group
Error: Vertex not in group
Error: Vertex not in group
Error: Vertex not in group
Error: Vertex not in group
Error: Vertex not in group
Error: Vertex not in group
Error: Vertex not in group
Error: Vertex not in group
Error: Vertex not in group
Error: Vertex not in group
Error: Vertex not in group
Error: Vertex not in group
Error: Vertex not in group
Error: Vertex not in group
Error: Vertex not in group
Error: Vertex not in group
Error: Vertex not in group
Error: Vertex not in group
Error: Vertex not in group
Error: Vertex not in group
Error: Vertex not in group
Error: Vertex not in group
Error: Vertex not in group
Error: Vertex not in group
Error: Vertex not in group
Error: Vertex not in group
Error: Vertex not in group
Error: Vertex not in group
Error: Vertex not in group
Error: Vertex not in group
Error: Vertex not in group
Error: Vertex not in group
Error: Vertex not in group
Error: Vertex not in group
Error: Vertex not in group
Error: Vertex not in group
Error: Vertex not in group
Error: Vertex not in group
Error: Vertex not in group
Error: Vertex not in group
Error: Vertex not in group
Error: Vertex not in group
Error: Vertex not in group
Error: Vertex not in group
Error: Vertex not in group
Error: Vertex not in group
Error: Vertex not in group
Error: Vertex not in group
Error: Vertex not in group
Error: Vertex not in group
Error: Vertex not in group
Error: Vertex not in group
Error: Vertex not in group
Error: Vertex not in group
Error: Vertex not in group
Error: Vertex not in group
Error: Vertex not in group
Error: Vertex not in group
Error: Vertex not in group
Error: Vertex not in group
Error: Vertex not in group
Error: Vertex not in group
Error: Vertex not in group
Error: Vertex not in group
Error: Vertex not in group
Error: Vertex not in group
Error: Vertex not in group
Error: Vertex not in group
Error: Vertex not in group
Error: Vertex not in group
Error: Vertex not in group
Error: Vertex not in group
Error: Vertex not in group
Error: Vertex not in group
Error: Vertex not in group
Error: Vertex not in group
Error: Vertex not in group
Error: Vertex not in group
Error: Vertex not in group
Error: Vertex not in group
Error: Vertex not in group
Error: Vertex not in group
Error: Vertex not in group
Error: Vertex not in group
Error: Vertex not in group
Error: Vertex not in group
Error: Vertex not in group
Error: Vertex not in group
Error: Vertex not in group
Error: Vertex not in group
Error: Vertex not in group
Error: Vertex not in group
Error: Vertex not in group
Error: Vertex not in group
Error: Vertex not in group
Error: Vertex not in group
Error: Vertex not in group
Error: Vertex not in group
Error: Vertex not in group
Error: Vertex not in group
Error: Vertex not in group
Error: Vertex not in group
Error: Vertex not in group
Error: Vertex not in group
Error: Vertex not in group
Error: Vertex not in group
Error: Vertex not in group
Error: Vertex not in group
Error: Vertex not in group
Error: Vertex not in group
Error: Vertex not in group
Error: Vertex not in group
Error: Vertex not in group
Error: Vertex not in group
Error: Vertex not in group
Error: Vertex not in group
Error: Vertex not in group
Error: Vertex not in group
Error: Vertex not in group
Error: Vertex not in group
Error: Vertex not in group
Error: Vertex not in group
Error: Vertex not in group
Error: Vertex not in group
Error: Vertex not in group
Error: Vertex not in group
Error: Vertex not in group
Error: Vertex not in group
Error: Vertex not in group
Error: Vertex not in group
Error: Vertex not in group
Error: Vertex not in group
Error: Vertex not in group
Error: Vertex not in group
Error: Vertex not in group
Error: Vertex not in group
Error: Vertex not in group
Error: Vertex not in group
Error: Vertex not in group
Error: Vertex not in group
Error: Vertex not in group
Error: Vertex not in group
Error: Vertex not in group
Error: Vertex not in group
Error: Vertex not in group
Error: Vertex not in group
Error: Vertex not in group
Error: Vertex not in group
Error: Vertex not in group
Error: Vertex not in group
Error: Vertex not in group
Error: Vertex not in group
Error: Vertex not in group
Error: Vertex not in group
Error: Vertex not in group
Error: Vertex not in group
Error: Vertex not in group
Error: Vertex not in group
Error: Vertex not in group
Error: Vertex not in group
Error: Vertex not in group
Error: Vertex not in group
Error: Vertex not in group
Error: Vertex not in group
Error: Vertex not in group
Error: Vertex not in group
Error: Vertex not in group
Error: Vertex not in group
Error: Vertex not in group
Error: Vertex not in group
Error: Vertex not in group
Error: Vertex not in group
Error: Vertex not in group
Error: Vertex not in group
Error: Vertex not in group
Error: Vertex not in group
Error: Vertex not in group
Error: Vertex not in group
Error: Vertex not in group
Error: Vertex not in group
Error: Vertex not in group
Error: Vertex not in group
Error: Vertex not in group
Error: Vertex not in group
Error: Vertex not in group
Error: Vertex not in group
Error: Vertex not in group
Error: Vertex not in group
Error: Vertex not in group
Error: Vertex not in group
Error: Vertex not in group
Error: Vertex not in group
Error: Vertex not in group
Error: Vertex not in group
Error: Vertex not in group
Error: Vertex not in group
Error: Vertex not in group
Error: Vertex not in group
Error: Vertex not in group
Error: Vertex not in group
Error: Vertex not in group
Error: Vertex not in group
Error: Vertex not in group
Error: Vertex not in group
Error: Vertex not in group
Error: Vertex not in group
Error: Vertex not in group
Error: Vertex not in group
Error: Vertex not in group
Error: Vertex not in group
Error: Vertex not in group
Error: Vertex not in group
Error: Vertex not in group
Error: Vertex not in group
Error: Vertex not in group
Error: Vertex not in group
Error: Vertex not in group
Error: Vertex not in group
Error: Vertex not in group
Error: Vertex not in group
Error: Vertex not in group
Error: Vertex not in group
Error: Vertex not in group
Error: Vertex not in group
Error: Vertex not in group
Error: Vertex not in group
Error: Vertex not in group
Error: Vertex not in group
Error: Vertex not in group
Error: Vertex not in group
Error: Vertex not in group
Error: Vertex not in group
Error: Vertex not in group
Error: Vertex not in group
Error: Vertex not in group
Error: Vertex not in group
Error: Vertex not in group
Error: Vertex not in group
Error: Vertex not in group
Error: Vertex not in group
Error: Vertex not in group
Error: Vertex not in group
Error: Vertex not in group
Error: Vertex not in group
Error: Vertex not in group
Error: Vertex not in group
Error: Vertex not in group
Error: Vertex not in group
Error: Vertex not in group
Error: Vertex not in group
Error: Vertex not in group
Error: Vertex not in group
Error: Vertex not in group
Error: Vertex not in group
Error: Vertex not in group
Error: Vertex not in group
Error: Vertex not in group
Error: Vertex not in group
Error: Vertex not in group
Error: Vertex not in group
Error: Vertex not in group
Error: Vertex not in group
Error: Vertex not in group
Error: Vertex not in group
Error: Vertex not in group
Error: Vertex not in group
Error: Vertex not in group
Error: Vertex not in group
Error: Vertex not in group
Error: Vertex not in group
Error: Vertex not in group
Error: Vertex not in group
Error: Vertex not in group
Error: Vertex not in group
Error: Vertex not in group
Error: Vertex not in group
Error: Vertex not in group
Error: Vertex not in group
Error: Vertex not in group
Error: Vertex not in group
Error: Vertex not in group
Error: Vertex not in group
Error: Vertex not in group
Error: Vertex not in group
Error: Vertex not in group
Error: Vertex not in group
Error: Vertex not in group
Error: Vertex not in group
Error: Vertex not in group
Error: Vertex not in group
Error: Vertex not in group
Error: Vertex not in group
Error: Vertex not in group
Error: Vertex not in group
Error: Vertex not in group
Error: Vertex not in group
Error: Vertex not in group
Error: Vertex not in group
Error: Vertex not in group
Error: Vertex not in group
Error: Vertex not in group
Error: Vertex not in group
Error: Vertex not in group
Error: Vertex not in group
Error: Vertex not in group
Error: Vertex not in group
Error: Vertex not in group
Error: Vertex not in group
Error: Vertex not in group
Error: Vertex not in group
Error: Vertex not in group
Error: Vertex not in group
Error: Vertex not in group
Error: Vertex not in group
Error: Vertex not in group
Error: Vertex not in group
Error: Vertex not in group
Error: Vertex not in group
Error: Vertex not in group
Error: Vertex not in group
Error: Vertex not in group
Error: Vertex not in group
Error: Vertex not in group
Error: Vertex not in group
Error: Vertex not in group
Error: Vertex not in group
Error: Vertex not in group
Error: Vertex not in group
Error: Vertex not in group
Error: Vertex not in group
Error: Vertex not in group
Error: Vertex not in group
Error: Vertex not in group
Error: Vertex not in group
Error: Vertex not in group
Error: Vertex not in group
Error: Vertex not in group
Error: Vertex not in group
Error: Vertex not in group
Error: Vertex not in group
Error: Vertex not in group
Error: Vertex not in group
Error: Vertex not in group
Error: Vertex not in group
Error: Vertex not in group
Error: Vertex not in group
Error: Vertex not in group
Error: Vertex not in group
Error: Vertex not in group
Error: Vertex not in group
Error: Vertex not in group
Error: Vertex not in group
Error: Vertex not in group
Error: Vertex not in group
Error: Vertex not in group
Error: Vertex not in group
Error: Vertex not in group
Error: Vertex not in group
Error: Vertex not in group
Error: Vertex not in group
Error: Vertex not in group
Error: Vertex not in group
Error: Vertex not in group
Error: Vertex not in group
Error: Vertex not in group
Error: Vertex not in group
Error: Vertex not in group
Error: Vertex not in group
Error: Vertex not in group
Error: Vertex not in group
Error: Vertex not in group
Error: Vertex not in group
Error: Vertex not in group
Error: Vertex not in group
Error: Vertex not in group
Error: Vertex not in group
Error: Vertex not in group
Error: Vertex not in group
Error: Vertex not in group
Error: Vertex not in group
Error: Vertex not in group
Error: Vertex not in group
Error: Vertex not in group
Error: Vertex not in group
Error: Vertex not in group
Error: Vertex not in group
Error: Vertex not in group
Error: Vertex not in group
Error: Vertex not in group
Error: Vertex not in group
Error: Vertex not in group
Error: Vertex not in group
Error: Vertex not in group
Error: Vertex not in group
Error: Vertex not in group
Error: Vertex not in group
Error: Vertex not in group
Error: Vertex not in group
Error: Vertex not in group
Error: Vertex not in group
Error: Vertex not in group
Error: Vertex not in group
Error: Vertex not in group
Error: Vertex not in group
Error: Vertex not in group
Error: Vertex not in group
Error: Vertex not in group
Error: Vertex not in group
Error: Vertex not in group
Error: Vertex not in group
Error: Vertex not in group
Error: Vertex not in group
Error: Vertex not in group
Error: Vertex not in group
Error: Vertex not in group
Error: Vertex not in group
Error: Vertex not in group
Error: Vertex not in group
Error: Vertex not in group
Error: Vertex not in group
Error: Vertex not in group
Error: Vertex not in group
Error: Vertex not in group
Error: Vertex not in group
Error: Vertex not in group
Error: Vertex not in group
Error: Vertex not in group
Error: Vertex not in group
Error: Vertex not in group
Error: Vertex not in group
Error: Vertex not in group
Error: Vertex not in group
Error: Vertex not in group
Error: Vertex not in group
Error: Vertex not in group
Error: Vertex not in group
Error: Vertex not in group
Error: Vertex not in group
Error: Vertex not in group
Error: Vertex not in group
Error: Vertex not in group
Error: Vertex not in group
Error: Vertex not in group
Error: Vertex not in group
Error: Vertex not in group
Error: Vertex not in group
Error: Vertex not in group
Error: Vertex not in group
Error: Vertex not in group
Error: Vertex not in group
Error: Vertex not in group
Error: Vertex not in group
Error: Vertex not in group
Error: Vertex not in group
Error: Vertex not in group
Error: Vertex not in group
Error: Vertex not in group
Error: Vertex not in group
Error: Vertex not in group
Error: Vertex not in group
Error: Vertex not in group
Error: Vertex not in group
Error: Vertex not in group
Error: Vertex not in group
Error: Vertex not in group
Error: Vertex not in group
Error: Vertex not in group
Error: Vertex not in group
Error: Vertex not in group
Error: Vertex not in group
Error: Vertex not in group
Error: Vertex not in group
Error: Vertex not in group
Error: Vertex not in group
Error: Vertex not in group
Error: Vertex not in group
Error: Vertex not in group
Error: Vertex not in group
Error: Vertex not in group
Error: Vertex not in group
Error: Vertex not in group
Error: Vertex not in group
Error: Vertex not in group
Error: Vertex not in group
Error: Vertex not in group
Error: Vertex not in group
Error: Vertex not in group
Error: Vertex not in group
Error: Vertex not in group
Error: Vertex not in group
Error: Vertex not in group
Error: Vertex not in group
Error: Vertex not in group
Error: Vertex not in group
Error: Vertex not in group
Error: Vertex not in group
Error: Vertex not in group
Error: Vertex not in group
Error: Vertex not in group
Error: Vertex not in group
Error: Vertex not in group
Error: Vertex not in group
Error: Vertex not in group
Error: Vertex not in group
Error: Vertex not in group
Error: Vertex not in group
Error: Vertex not in group
Error: Vertex not in group
Error: Vertex not in group
Error: Vertex not in group
Error: Vertex not in group
Error: Vertex not in group
Error: Vertex not in group
Error: Vertex not in group
Error: Vertex not in group
Error: Vertex not in group
Error: Vertex not in group
Error: Vertex not in group
Error: Vertex not in group
Error: Vertex not in group
Error: Vertex not in group
Error: Vertex not in group
Error: Vertex not in group
Error: Vertex not in group
Error: Vertex not in group
Error: Vertex not in group
Error: Vertex not in group
Error: Vertex not in group
Error: Vertex not in group
Error: Vertex not in group
Error: Vertex not in group
Error: Vertex not in group
Error: Vertex not in group
Error: Vertex not in group
Error: Vertex not in group
Error: Vertex not in group
Error: Vertex not in group
Error: Vertex not in group
Error: Vertex not in group
Error: Vertex not in group
Error: Vertex not in group
Error: Vertex not in group
Error: Vertex not in group
Error: Vertex not in group
Error: Vertex not in group
Error: Vertex not in group
Error: Vertex not in group
Error: Vertex not in group
Error: Vertex not in group
Error: Vertex not in group
Error: Vertex not in group
Error: Vertex not in group
Error: Vertex not in group
Error: Vertex not in group
Error: Vertex not in group
Error: Vertex not in group
Error: Vertex not in group
Error: Vertex not in group
Error: Vertex not in group
Error: Vertex not in group
Error: Vertex not in group
Error: Vertex not in group
Error: Vertex not in group
Error: Vertex not in group
Error: Vertex not in group
Error: Vertex not in group
Error: Vertex not in group
Error: Vertex not in group
Error: Vertex not in group
Error: Vertex not in group
Error: Vertex not in group
Error: Vertex not in group
Error: Vertex not in group
Error: Vertex not in group
Error: Vertex not in group
Error: Vertex not in group
Error: Vertex not in group
Error: Vertex not in group
Error: Vertex not in group
Error: Vertex not in group
Error: Vertex not in group
Error: Vertex not in group
Error: Vertex not in group
Error: Vertex not in group
Error: Vertex not in group
Error: Vertex not in group
Error: Vertex not in group
Error: Vertex not in group
Error: Vertex not in group
Error: Vertex not in group
Error: Vertex not in group
Error: Vertex not in group
Error: Vertex not in group
Error: Vertex not in group
Error: Vertex not in group
Error: Vertex not in group
Error: Vertex not in group
Error: Vertex not in group
Error: Vertex not in group
Error: Vertex not in group
Error: Vertex not in group
Error: Vertex not in group
Error: Vertex not in group
Error: Vertex not in group
Error: Vertex not in group
Error: Vertex not in group
Error: Vertex not in group
Error: Vertex not in group
Error: Vertex not in group
Error: Vertex not in group
Error: Vertex not in group
Error: Vertex not in group
Error: Vertex not in group
Error: Vertex not in group
Error: Vertex not in group
Error: Vertex not in group
Error: Vertex not in group
Error: Vertex not in group
Error: Vertex not in group
Error: Vertex not in group
Error: Vertex not in group
Error: Vertex not in group
Error: Vertex not in group
Error: Vertex not in group
Error: Vertex not in group
Error: Vertex not in group
Error: Vertex not in group
Error: Vertex not in group
Error: Vertex not in group
Error: Vertex not in group
Error: Vertex not in group
Error: Vertex not in group
Error: Vertex not in group
Error: Vertex not in group
Error: Vertex not in group
Error: Vertex not in group
Error: Vertex not in group
Error: Vertex not in group
Error: Vertex not in group
Error: Vertex not in group
Error: Vertex not in group
Error: Vertex not in group
Error: Vertex not in group
Error: Vertex not in group
Error: Vertex not in group
Error: Vertex not in group
Error: Vertex not in group
Error: Vertex not in group
Error: Vertex not in group
Error: Vertex not in group
Error: Vertex not in group
Error: Vertex not in group
Error: Vertex not in group
Error: Vertex not in group
Error: Vertex not in group
Error: Vertex not in group
Error: Vertex not in group
Error: Vertex not in group
Error: Vertex not in group
Error: Vertex not in group
Error: Vertex not in group
Error: Vertex not in group
Error: Vertex not in group
Error: Vertex not in group
Error: Vertex not in group
Error: Vertex not in group
Error: Vertex not in group
Error: Vertex not in group
Error: Vertex not in group
Error: Vertex not in group
Error: Vertex not in group
Error: Vertex not in group
Error: Vertex not in group
Error: Vertex not in group
Error: Vertex not in group
Error: Vertex not in group
Error: Vertex not in group
Error: Vertex not in group
Error: Vertex not in group
Error: Vertex not in group
Error: Vertex not in group
Error: Vertex not in group
Error: Vertex not in group
Error: Vertex not in group
Error: Vertex not in group
Error: Vertex not in group
Error: Vertex not in group
Error: Vertex not in group
Error: Vertex not in group
Error: Vertex not in group
Error: Vertex not in group
Error: Vertex not in group
Error: Vertex not in group
Error: Vertex not in group
Error: Vertex not in group
Error: Vertex not in group
Error: Vertex not in group
Error: Vertex not in group
Error: Vertex not in group
Error: Vertex not in group
Error: Vertex not in group
Error: Vertex not in group
Error: Vertex not in group
Error: Vertex not in group
Error: Vertex not in group
Error: Vertex not in group
Error: Vertex not in group
Error: Vertex not in group
Error: Vertex not in group
Error: Vertex not in group
Error: Vertex not in group
Error: Vertex not in group
Error: Vertex not in group
Error: Vertex not in group
Error: Vertex not in group
Error: Vertex not in group
Error: Vertex not in group
Error: Vertex not in group
Error: Vertex not in group
Error: Vertex not in group
Error: Vertex not in group
Error: Vertex not in group
Error: Vertex not in group
Error: Vertex not in group
Error: Vertex not in group
Error: Vertex not in group
Error: Vertex not in group
Error: Vertex not in group
Error: Vertex not in group
Error: Vertex not in group
Error: Vertex not in group
Error: Vertex not in group
Error: Vertex not in group
Error: Vertex not in group
Error: Vertex not in group
Error: Vertex not in group
Error: Vertex not in group
Error: Vertex not in group
Error: Vertex not in group
Error: Vertex not in group
Error: Vertex not in group
Error: Vertex not in group
Error: Vertex not in group
Error: Vertex not in group
Error: Vertex not in group
Error: Vertex not in group
Error: Vertex not in group
Error: Vertex not in group
Error: Vertex not in group
Error: Vertex not in group
Error: Vertex not in group
Error: Vertex not in group
Error: Vertex not in group
Error: Vertex not in group
Error: Vertex not in group
Error: Vertex not in group
Error: Vertex not in group
Error: Vertex not in group
Error: Vertex not in group
Error: Vertex not in group
Error: Vertex not in group
Error: Vertex not in group
Error: Vertex not in group
Error: Vertex not in group
Error: Vertex not in group
Error: Vertex not in group
Error: Vertex not in group
Error: Vertex not in group
Error: Vertex not in group
Error: Vertex not in group
Error: Vertex not in group
Error: Vertex not in group
Error: Vertex not in group
Error: Vertex not in group
Error: Vertex not in group
Error: Vertex not in group
Error: Vertex not in group
Error: Vertex not in group
Error: Vertex not in group
Error: Vertex not in group
Error: Vertex not in group
Error: Vertex not in group
Error: Vertex not in group
Error: Vertex not in group
Error: Vertex not in group
Error: Vertex not in group
Error: Vertex not in group
Error: Vertex not in group
Error: Vertex not in group
Error: Vertex not in group
Error: Vertex not in group
Error: Vertex not in group
Error: Vertex not in group
Error: Vertex not in group
Error: Vertex not in group
Error: Vertex not in group
Error: Vertex not in group
Error: Vertex not in group
Error: Vertex not in group
Error: Vertex not in group
Error: Vertex not in group
Error: Vertex not in group
Error: Vertex not in group
Error: Vertex not in group
Error: Vertex not in group
Error: Vertex not in group
Error: Vertex not in group
Error: Vertex not in group
Error: Vertex not in group
Error: Vertex not in group
Error: Vertex not in group
Error: Vertex not in group
Error: Vertex not in group
Error: Vertex not in group
Error: Vertex not in group
Error: Vertex not in group
Error: Vertex not in group
Error: Vertex not in group
Error: Vertex not in group
Error: Vertex not in group
Error: Vertex not in group
Error: Vertex not in group
Error: Vertex not in group
Error: Vertex not in group
Error: Vertex not in group
Error: Vertex not in group
Error: Vertex not in group
Error: Vertex not in group
Error: Vertex not in group
Error: Vertex not in group
Error: Vertex not in group
Error: Vertex not in group
Error: Vertex not in group
Error: Vertex not in group
Error: Vertex not in group
Error: Vertex not in group
Error: Vertex not in group
Error: Vertex not in group
Error: Vertex not in group
Error: Vertex not in group
Error: Vertex not in group
Error: Vertex not in group
Error: Vertex not in group
Error: Vertex not in group
Error: Vertex not in group
Error: Vertex not in group
Error: Vertex not in group
Error: Vertex not in group
Error: Vertex not in group
Error: Vertex not in group
Error: Vertex not in group
Error: Vertex not in group
Error: Vertex not in group
Error: Vertex not in group
Error: Vertex not in group
Error: Vertex not in group
Error: Vertex not in group
Error: Vertex not in group
Error: Vertex not in group
Error: Vertex not in group
Error: Vertex not in group
Error: Vertex not in group
Error: Vertex not in group
Error: Vertex not in group
Error: Vertex not in group
Error: Vertex not in group
Error: Vertex not in group
Error: Vertex not in group
Error: Vertex not in group
Error: Vertex not in group
Error: Vertex not in group
Error: Vertex not in group
Error: Vertex not in group
Error: Vertex not in group
Error: Vertex not in group
Error: Vertex not in group
Error: Vertex not in group
Error: Vertex not in group
Error: Vertex not in group
Error: Vertex not in group
Error: Vertex not in group
Error: Vertex not in group
Error: Vertex not in group
Error: Vertex not in group
Error: Vertex not in group
Error: Vertex not in group
Error: Vertex not in group
Error: Vertex not in group
Error: Vertex not in group
Error: Vertex not in group
Error: Vertex not in group
Error: Vertex not in group
Error: Vertex not in group
Error: Vertex not in group
Error: Vertex not in group
Error: Vertex not in group
Error: Vertex not in group
Error: Vertex not in group
Error: Vertex not in group
Error: Vertex not in group
Error: Vertex not in group
Error: Vertex not in group
Error: Vertex not in group
Error: Vertex not in group
Error: Vertex not in group
Error: Vertex not in group
Error: Vertex not in group
Error: Vertex not in group
Error: Vertex not in group
Error: Vertex not in group
Error: Vertex not in group
Error: Vertex not in group
Error: Vertex not in group
Error: Vertex not in group
Error: Vertex not in group
Error: Vertex not in group
Error: Vertex not in group
Error: Vertex not in group
Error: Vertex not in group
Error: Vertex not in group
Error: Vertex not in group
Error: Vertex not in group
Error: Vertex not in group
Error: Vertex not in group
Error: Vertex not in group
Error: Vertex not in group
Error: Vertex not in group
Error: Vertex not in group
Error: Vertex not in group
Error: Vertex not in group
Error: Vertex not in group
Error: Vertex not in group
Error: Vertex not in group
Error: Vertex not in group
Error: Vertex not in group
Error: Vertex not in group
Error: Vertex not in group
Error: Vertex not in group
Error: Vertex not in group
Error: Vertex not in group
Error: Vertex not in group
Error: Vertex not in group
Error: Vertex not in group
Error: Vertex not in group
Error: Vertex not in group
Error: Vertex not in group
Error: Vertex not in group
Error: Vertex not in group
Error: Vertex not in group
Error: Vertex not in group
Error: Vertex not in group
Error: Vertex not in group
Error: Vertex not in group
Error: Vertex not in group
Error: Vertex not in group
Error: Vertex not in group
Error: Vertex not in group
Error: Vertex not in group
Error: Vertex not in group
Error: Vertex not in group
Error: Vertex not in group
Error: Vertex not in group
Error: Vertex not in group
Error: Vertex not in group
Error: Vertex not in group
Error: Vertex not in group
Error: Vertex not in group
Error: Vertex not in group
Error: Vertex not in group
Error: Vertex not in group
Error: Vertex not in group
Error: Vertex not in group
Error: Vertex not in group
Error: Vertex not in group
Error: Vertex not in group
Error: Vertex not in group
Error: Vertex not in group
Error: Vertex not in group
Error: Vertex not in group
Error: Vertex not in group
Error: Vertex not in group
Error: Vertex not in group
Error: Vertex not in group
Error: Vertex not in group
Error: Vertex not in group
Error: Vertex not in group
Error: Vertex not in group
Error: Vertex not in group
Error: Vertex not in group
Error: Vertex not in group
Error: Vertex not in group
Error: Vertex not in group
Error: Vertex not in group
Error: Vertex not in group
Error: Vertex not in group
Error: Vertex not in group
Error: Vertex not in group
Error: Vertex not in group
Error: Vertex not in group
Error: Vertex not in group
Error: Vertex not in group
Error: Vertex not in group
Error: Vertex not in group
Error: Vertex not in group
Error: Vertex not in group
Error: Vertex not in group
Error: Vertex not in group
Error: Vertex not in group
Error: Vertex not in group
Error: Vertex not in group
Error: Vertex not in group
Error: Vertex not in group
Error: Vertex not in group
Error: Vertex not in group
Error: Vertex not in group
Error: Vertex not in group
Error: Vertex not in group
Error: Vertex not in group
Error: Vertex not in group
Error: Vertex not in group
Error: Vertex not in group
Error: Vertex not in group
Error: Vertex not in group
Error: Vertex not in group
Error: Vertex not in group
Error: Vertex not in group
Error: Vertex not in group
Error: Vertex not in group
Error: Vertex not in group
Error: Vertex not in group
Error: Vertex not in group
Error: Vertex not in group
Error: Vertex not in group
Error: Vertex not in group
Error: Vertex not in group
Error: Vertex not in group
Error: Vertex not in group
Error: Vertex not in group
Error: Vertex not in group
Error: Vertex not in group
Error: Vertex not in group
Error: Vertex not in group
Error: Vertex not in group
Error: Vertex not in group
Error: Vertex not in group
Error: Vertex not in group
Error: Vertex not in group
Error: Vertex not in group
Error: Vertex not in group
Error: Vertex not in group
Error: Vertex not in group
Error: Vertex not in group
Error: Vertex not in group
Error: Vertex not in group
Error: Vertex not in group
Error: Vertex not in group
Error: Vertex not in group
Error: Vertex not in group
Error: Vertex not in group
Error: Vertex not in group
Error: Vertex not in group
Error: Vertex not in group
Error: Vertex not in group
Error: Vertex not in group
Error: Vertex not in group
Error: Vertex not in group
Error: Vertex not in group
Error: Vertex not in group
Error: Vertex not in group
Error: Vertex not in group
Error: Vertex not in group
Error: Vertex not in group
Error: Vertex not in group
Error: Vertex not in group
Error: Vertex not in group
Error: Vertex not in group
Error: Vertex not in group
Error: Vertex not in group
Error: Vertex not in group
Error: Vertex not in group
Error: Vertex not in group
Error: Vertex not in group
Error: Vertex not in group
Error: Vertex not in group
Error: Vertex not in group
Error: Vertex not in group
Error: Vertex not in group
Error: Vertex not in group
Error: Vertex not in group
Error: Vertex not in group
Error: Vertex not in group
Error: Vertex not in group
Error: Vertex not in group
Error: Vertex not in group
Error: Vertex not in group
Error: Vertex not in group
Error: Vertex not in group
Error: Vertex not in group
Error: Vertex not in group
Error: Vertex not in group
Error: Vertex not in group
Error: Vertex not in group
Error: Vertex not in group
Error: Vertex not in group
Error: Vertex not in group
Error: Vertex not in group
Error: Vertex not in group
Error: Vertex not in group
Error: Vertex not in group
Error: Vertex not in group
Error: Vertex not in group
Error: Vertex not in group
Error: Vertex not in group
Error: Vertex not in group
Error: Vertex not in group
Error: Vertex not in group
Error: Vertex not in group
Error: Vertex not in group
Error: Vertex not in group
Error: Vertex not in group
Error: Vertex not in group
Error: Vertex not in group
Error: Vertex not in group
Error: Vertex not in group
Error: Vertex not in group
Error: Vertex not in group
Error: Vertex not in group
Error: Vertex not in group
Error: Vertex not in group
Error: Vertex not in group
Error: Vertex not in group
Error: Vertex not in group
Error: Vertex not in group
Error: Vertex not in group
Error: Vertex not in group
Error: Vertex not in group
Error: Vertex not in group
Error: Vertex not in group
Error: Vertex not in group
Error: Vertex not in group
Error: Vertex not in group
Error: Vertex not in group
Error: Vertex not in group
Error: Vertex not in group
Error: Vertex not in group
Error: Vertex not in group
Error: Vertex not in group
Error: Vertex not in group
Error: Vertex not in group
Error: Vertex not in group
Error: Vertex not in group
Error: Vertex not in group
Error: Vertex not in group
Error: Vertex not in group
Error: Vertex not in group
Error: Vertex not in group
Error: Vertex not in group
Error: Vertex not in group
Error: Vertex not in group
Error: Vertex not in group
Error: Vertex not in group
Error: Vertex not in group
Error: Vertex not in group
Error: Vertex not in group
Error: Vertex not in group
Error: Vertex not in group
Error: Vertex not in group
Error: Vertex not in group
Error: Vertex not in group
Error: Vertex not in group
Error: Vertex not in group
Error: Vertex not in group
Error: Vertex not in group
Error: Vertex not in group
Error: Vertex not in group
Error: Vertex not in group
Error: Vertex not in group
Error: Vertex not in group
Error: Vertex not in group
Error: Vertex not in group
Error: Vertex not in group
Error: Vertex not in group
Error: Vertex not in group
Error: Vertex not in group
Error: Vertex not in group
Error: Vertex not in group
Error: Vertex not in group
Error: Vertex not in group
Error: Vertex not in group
Error: Vertex not in group
Error: Vertex not in group
Error: Vertex not in group
Error: Vertex not in group
Error: Vertex not in group
Error: Vertex not in group
Error: Vertex not in group
Error: Vertex not in group
Error: Vertex not in group
Error: Vertex not in group
Error: Vertex not in group
Error: Vertex not in group
Error: Vertex not in group
Error: Vertex not in group
Error: Vertex not in group
Error: Vertex not in group
Error: Vertex not in group
Error: Vertex not in group
Error: Vertex not in group
Error: Vertex not in group
Error: Vertex not in group
Error: Vertex not in group
Error: Vertex not in group
Error: Vertex not in group
Error: Vertex not in group
Error: Vertex not in group
Error: Vertex not in group
Error: Vertex not in group
Error: Vertex not in group
Error: Vertex not in group
Error: Vertex not in group
Error: Vertex not in group
Error: Vertex not in group
Error: Vertex not in group
Error: Vertex not in group
Error: Vertex not in group
Error: Vertex not in group
Error: Vertex not in group
Error: Vertex not in group
Error: Vertex not in group
Error: Vertex not in group
Error: Vertex not in group
Error: Vertex not in group
Error: Vertex not in group
Error: Vertex not in group
Error: Vertex not in group
Error: Vertex not in group
Error: Vertex not in group
Error: Vertex not in group
Error: Vertex not in group
Error: Vertex not in group
Error: Vertex not in group
Error: Vertex not in group
Error: Vertex not in group
Error: Vertex not in group
Error: Vertex not in group
Error: Vertex not in group
Error: Vertex not in group
Error: Vertex not in group
Error: Vertex not in group
Error: Vertex not in group
Error: Vertex not in group
Error: Vertex not in group
Error: Vertex not in group
Error: Vertex not in group
Error: Vertex not in group
Error: Vertex not in group
Error: Vertex not in group
Error: Vertex not in group
Error: Vertex not in group
Error: Vertex not in group
Error: Vertex not in group
Error: Vertex not in group
Error: Vertex not in group
Error: Vertex not in group
Error: Vertex not in group
Error: Vertex not in group
Error: Vertex not in group
Error: Vertex not in group
Error: Vertex not in group
Error: Vertex not in group
Error: Vertex not in group
Error: Vertex not in group
Error: Vertex not in group
Error: Vertex not in group
Error: Vertex not in group
Error: Vertex not in group
Error: Vertex not in group
Error: Vertex not in group
Error: Vertex not in group
Error: Vertex not in group
Error: Vertex not in group
Error: Vertex not in group
Error: Vertex not in group
Error: Vertex not in group
Error: Vertex not in group
Error: Vertex not in group
Error: Vertex not in group
Error: Vertex not in group
Error: Vertex not in group
Error: Vertex not in group
Error: Vertex not in group
Error: Vertex not in group
Error: Vertex not in group
Error: Vertex not in group
Error: Vertex not in group
Error: Vertex not in group
Error: Vertex not in group
Error: Vertex not in group
Error: Vertex not in group
Error: Vertex not in group
Error: Vertex not in group
Error: Vertex not in group
Error: Vertex not in group
Error: Vertex not in group
Error: Vertex not in group
Error: Vertex not in group
Error: Vertex not in group
Error: Vertex not in group
Error: Vertex not in group
Error: Vertex not in group
Error: Vertex not in group
Error: Vertex not in group
Error: Vertex not in group
Error: Vertex not in group
Error: Vertex not in group
Error: Vertex not in group
Error: Vertex not in group
Error: Vertex not in group
Error: Vertex not in group
Error: Vertex not in group
Error: Vertex not in group
Error: Vertex not in group
Error: Vertex not in group
Error: Vertex not in group
Error: Vertex not in group
Error: Vertex not in group
Error: Vertex not in group
Error: Vertex not in group
Error: Vertex not in group
Error: Vertex not in group
Error: Vertex not in group
Error: Vertex not in group
Error: Vertex not in group
Error: Vertex not in group
Error: Vertex not in group
Error: Vertex not in group
Error: Vertex not in group
Error: Vertex not in group
Error: Vertex not in group
Error: Vertex not in group
Error: Vertex not in group
Error: Vertex not in group
Error: Vertex not in group
Error: Vertex not in group
Error: Vertex not in group
Error: Vertex not in group
Error: Vertex not in group
Error: Vertex not in group
Error: Vertex not in group
Error: Vertex not in group
Error: Vertex not in group
Error: Vertex not in group
Error: Vertex not in group
Error: Vertex not in group
Error: Vertex not in group
Error: Vertex not in group
Error: Vertex not in group
Error: Vertex not in group
Error: Vertex not in group
Error: Vertex not in group
Error: Vertex not in group
Error: Vertex not in group
Error: Vertex not in group
Error: Vertex not in group
Error: Vertex not in group
Error: Vertex not in group
Error: Vertex not in group
Error: Vertex not in group
Error: Vertex not in group
Error: Vertex not in group
Error: Vertex not in group
Error: Vertex not in group
Error: Vertex not in group
Error: Vertex not in group
Error: Vertex not in group
Error: Vertex not in group
Error: Vertex not in group
Error: Vertex not in group
Error: Vertex not in group
Error: Vertex not in group
Error: Vertex not in group
Error: Vertex not in group
Error: Vertex not in group
Error: Vertex not in group
Error: Vertex not in group
Error: Vertex not in group
Error: Vertex not in group
Error: Vertex not in group
Error: Vertex not in group
Error: Vertex not in group
Error: Vertex not in group
Error: Vertex not in group
Error: Vertex not in group
Error: Vertex not in group
Error: Vertex not in group
Error: Vertex not in group
Error: Vertex not in group
Error: Vertex not in group
Error: Vertex not in group
Error: Vertex not in group
Error: Vertex not in group
Error: Vertex not in group
Error: Vertex not in group
Error: Vertex not in group
Error: Vertex not in group
Error: Vertex not in group
Error: Vertex not in group
Error: Vertex not in group
Error: Vertex not in group
Error: Vertex not in group
Error: Vertex not in group
Error: Vertex not in group
Error: Vertex not in group
Error: Vertex not in group
Error: Vertex not in group
Error: Vertex not in group
Error: Vertex not in group
Error: Vertex not in group
Error: Vertex not in group
Error: Vertex not in group
Error: Vertex not in group
Error: Vertex not in group
Error: Vertex not in group
Error: Vertex not in group
Error: Vertex not in group
Error: Vertex not in group
Error: Vertex not in group
Error: Vertex not in group
Error: Vertex not in group
Error: Vertex not in group
Error: Vertex not in group
Error: Vertex not in group
Error: Vertex not in group
Error: Vertex not in group
Error: Vertex not in group
Error: Vertex not in group
Error: Vertex not in group
Error: Vertex not in group
Error: Vertex not in group
Error: Vertex not in group
Error: Vertex not in group
Error: Vertex not in group
Error: Vertex not in group
Error: Vertex not in group
Error: Vertex not in group
Error: Vertex not in group
Error: Vertex not in group
Error: Vertex not in group
Error: Vertex not in group
Error: Vertex not in group
Error: Vertex not in group
Error: Vertex not in group
Error: Vertex not in group
Error: Vertex not in group
Error: Vertex not in group
Error: Vertex not in group
Error: Vertex not in group
Error: Vertex not in group
Error: Vertex not in group
Error: Vertex not in group
Error: Vertex not in group
Error: Vertex not in group
Error: Vertex not in group
Error: Vertex not in group
Error: Vertex not in group
Error: Vertex not in group
Error: Vertex not in group
Error: Vertex not in group
Error: Vertex not in group
Error: Vertex not in group
Error: Vertex not in group
Error: Vertex not in group
Error: Vertex not in group
Error: Vertex not in group
Error: Vertex not in group
Error: Vertex not in group
Error: Vertex not in group
Error: Vertex not in group
Error: Vertex not in group
Error: Vertex not in group
Error: Vertex not in group
Error: Vertex not in group
Error: Vertex not in group
Error: Vertex not in group
Error: Vertex not in group
Error: Vertex not in group
Error: Vertex not in group
Error: Vertex not in group
Error: Vertex not in group
Error: Vertex not in group
Error: Vertex not in group
Error: Vertex not in group
Error: Vertex not in group
Error: Vertex not in group
Error: Vertex not in group
Error: Vertex not in group
Error: Vertex not in group
Error: Vertex not in group
Error: Vertex not in group
Error: Vertex not in group
Error: Vertex not in group
Error: Vertex not in group
Error: Vertex not in group
Error: Vertex not in group
Error: Vertex not in group
Error: Vertex not in group
Error: Vertex not in group
Error: Vertex not in group
Error: Vertex not in group
Error: Vertex not in group
Error: Vertex not in group
Error: Vertex not in group
Error: Vertex not in group
Error: Vertex not in group
Error: Vertex not in group
Error: Vertex not in group
Error: Vertex not in group
Error: Vertex not in group
Error: Vertex not in group
Error: Vertex not in group
Error: Vertex not in group
Error: Vertex not in group
Error: Vertex not in group
Error: Vertex not in group
Error: Vertex not in group
Error: Vertex not in group
Error: Vertex not in group
Error: Vertex not in group
Error: Vertex not in group
Error: Vertex not in group
Error: Vertex not in group
Error: Vertex not in group
Error: Vertex not in group
Error: Vertex not in group
Error: Vertex not in group
Error: Vertex not in group
Error: Vertex not in group
Error: Vertex not in group
Error: Vertex not in group
Error: Vertex not in group
Error: Vertex not in group
Error: Vertex not in group
Error: Vertex not in group
Error: Vertex not in group
Error: Vertex not in group
Error: Vertex not in group
Error: Vertex not in group
Error: Vertex not in group
Error: Vertex not in group
Error: Vertex not in group
Error: Vertex not in group
Error: Vertex not in group
Error: Vertex not in group
Error: Vertex not in group
Error: Vertex not in group
Error: Vertex not in group
Error: Vertex not in group
Error: Vertex not in group
Error: Vertex not in group
Error: Vertex not in group
Error: Vertex not in group
Error: Vertex not in group
Error: Vertex not in group
Error: Vertex not in group
Error: Vertex not in group
Error: Vertex not in group
Error: Vertex not in group
Error: Vertex not in group
Error: Vertex not in group
Error: Vertex not in group
Error: Vertex not in group
Error: Vertex not in group
Error: Vertex not in group
Error: Vertex not in group
Error: Vertex not in group
Error: Vertex not in group
Error: Vertex not in group
Error: Vertex not in group
Error: Vertex not in group
Error: Vertex not in group
Error: Vertex not in group
Error: Vertex not in group
Error: Vertex not in group
Error: Vertex not in group
Error: Vertex not in group
Error: Vertex not in group
Error: Vertex not in group
Error: Vertex not in group
Error: Vertex not in group
Error: Vertex not in group
Error: Vertex not in group
Error: Vertex not in group
Error: Vertex not in group
Error: Vertex not in group
Error: Vertex not in group
Error: Vertex not in group
Error: Vertex not in group
Error: Vertex not in group
Error: Vertex not in group
Error: Vertex not in group
Error: Vertex not in group
Error: Vertex not in group
Error: Vertex not in group
Error: Vertex not in group
Error: Vertex not in group
Error: Vertex not in group
Error: Vertex not in group
Error: Vertex not in group
Error: Vertex not in group
Error: Vertex not in group
Error: Vertex not in group
Error: Vertex not in group
Error: Vertex not in group
Error: Vertex not in group
Error: Vertex not in group
Error: Vertex not in group
Error: Vertex not in group
Error: Vertex not in group
Error: Vertex not in group
Error: Vertex not in group
Error: Vertex not in group
Error: Vertex not in group
Error: Vertex not in group
Error: Vertex not in group
[Akku SDK][INFO] Kitbash library initialized with 12 parts
[Akku SDK][INFO] Created stylized material: Akku_Stylized_Knight_Helmet
  Data: {
  "edge_brightness": 0.3,
  "cavity_darkness": 0.35,
  "use_fresnel": true
}
[Akku SDK][INFO] Applied stylized shader to Knight_Helmet
  Data: {
  "style": "stylized"
}
[Akku SDK][INFO] Cleaned up 45 empty vertex groups
[Akku SDK][INFO] Equipped part: Knight_Helmet
  Data: {
  "category": "helmet",
  "bone": "mixamorig:Head"
}
[Akku SDK][INFO] Created stylized material: Akku_Stylized_Knight_Shoulder_L
  Data: {
  "edge_brightness": 0.3,
  "cavity_darkness": 0.35,
  "use_fresnel": true
}
[Akku SDK][INFO] Applied stylized shader to Knight_Shoulder_L
  Data: {
  "style": "stylized"
}
[Akku SDK][INFO] Cleaned up 45 empty vertex groups
[Akku SDK][INFO] Equipped part: Knight_Shoulder_L
  Data: {
  "category": "shoulder",
  "bone": "mixamorig:LeftShoulder"
}
[Akku SDK][INFO] Created stylized material: Akku_Stylized_Knight_Shoulder_R
  Data: {
  "edge_brightness": 0.3,
  "cavity_darkness": 0.35,
  "use_fresnel": true
}
[Akku SDK][INFO] Applied stylized shader to Knight_Shoulder_R
  Data: {
  "style": "stylized"
}
[Akku SDK][INFO] Cleaned up 45 empty vertex groups
[Akku SDK][INFO] Equipped part: Knight_Shoulder_R
  Data: {
  "category": "shoulder",
  "bone": "mixamorig:RightShoulder"
}
[Akku SDK][INFO] Created stylized material: Akku_Stylized_Knight_Chestplate
  Data: {
  "edge_brightness": 0.3,
  "cavity_darkness": 0.35,
  "use_fresnel": true
}
[Akku SDK][INFO] Applied stylized shader to Knight_Chestplate
  Data: {
  "style": "stylized"
}
[Akku SDK][INFO] Cleaned up 45 empty vertex groups
[Akku SDK][INFO] Equipped part: Knight_Chestplate
  Data: {
  "category": "chest",
  "bone": "mixamorig:Spine2"
}
[Akku SDK][INFO] Created stylized material: Akku_Stylized_Heavy_Boots_L
  Data: {
  "edge_brightness": 0.3,
  "cavity_darkness": 0.35,
  "use_fresnel": true
}
[Akku SDK][INFO] Applied stylized shader to Heavy_Boots_L
  Data: {
  "style": "stylized"
}
[Akku SDK][INFO] Cleaned up 45 empty vertex groups
[Akku SDK][INFO] Equipped part: Heavy_Boots_L
  Data: {
  "category": "boots",
  "bone": "mixamorig:LeftFoot"
}
[Akku SDK][INFO] Created stylized material: Akku_Stylized_Heavy_Boots_R
  Data: {
  "edge_brightness": 0.3,
  "cavity_darkness": 0.35,
  "use_fresnel": true
}
[Akku SDK][INFO] Applied stylized shader to Heavy_Boots_R
  Data: {
  "style": "stylized"
}
[Akku SDK][INFO] Cleaned up 45 empty vertex groups
[Akku SDK][INFO] Equipped part: Heavy_Boots_R
  Data: {
  "category": "boots",
  "bone": "mixamorig:RightFoot"
}
[Akku SDK][INFO] Created stylized material: Akku_Stylized_Knight_Gauntlet_L
  Data: {
  "edge_brightness": 0.3,
  "cavity_darkness": 0.35,
  "use_fresnel": true
}
[Akku SDK][INFO] Applied stylized shader to Knight_Gauntlet_L
  Data: {
  "style": "stylized"
}
[Akku SDK][INFO] Cleaned up 45 empty vertex groups
[Akku SDK][INFO] Equipped part: Knight_Gauntlet_L
  Data: {
  "category": "gauntlet",
  "bone": "mixamorig:LeftForeArm"
}
[Akku SDK][INFO] Created stylized material: Akku_Stylized_Knight_Gauntlet_R
  Data: {
  "edge_brightness": 0.3,
  "cavity_darkness": 0.35,
  "use_fresnel": true
}
[Akku SDK][INFO] Applied stylized shader to Knight_Gauntlet_R
  Data: {
  "style": "stylized"
}
[Akku SDK][INFO] Cleaned up 45 empty vertex groups
[Akku SDK][INFO] Equipped part: Knight_Gauntlet_R
  Data: {
  "category": "gauntlet",
  "bone": "mixamorig:RightForeArm"
}
[Akku SDK][INFO] Created stylized material: Akku_Stylized_Knight_Sword
  Data: {
  "edge_brightness": 0.3,
  "cavity_darkness": 0.35,
  "use_fresnel": true
}
[Akku SDK][INFO] Applied stylized shader to Knight_Sword
  Data: {
  "style": "stylized"
}
[Akku SDK][INFO] Cleaned up 45 empty vertex groups
[Akku SDK][INFO] Equipped part: Knight_Sword
  Data: {
  "category": "weapon",
  "bone": "mixamorig:RightHand"
}
[Akku SDK][INFO] Created stylized material: Akku_Stylized_Knight_Shield
  Data: {
  "edge_brightness": 0.3,
  "cavity_darkness": 0.35,
  "use_fresnel": true
}
[Akku SDK][INFO] Applied stylized shader to Knight_Shield
  Data: {
  "style": "stylized"
}
[Akku SDK][INFO] Cleaned up 45 empty vertex groups
[Akku SDK][INFO] Equipped part: Knight_Shield
  Data: {
  "category": "shield",
  "bone": "mixamorig:LeftForeArm"
}
[Akku SDK][INFO] Step 'equip_set': SUCCESS
  Data: {
  "duration_ms": 122.1628189086914,
  "mesh_stats": {
    "vertex_count": 10514,
    "face_count": 11120,
    "triangle_count": 20840,
    "edge_count": 21540,
    "material_count": 1,
    "bounds_min": [
      -0.9452752470970154,
      -0.1396786868572235,
      0.007688506506383419
    ],
    "bounds_max": [
      0.9452717304229736,
      0.1359248012304306,
      1.598390817642212
    ],
    "height": 1.5907023111358285
  }
}
[Akku SDK][INFO] Executing tool: finalize
DEBUG: Starting finalize
[Akku SDK][INFO] Decimated Alpha_Joints: 20840 -> 2032 tris
[Akku SDK][INFO] Decimated Alpha_Surface: 34480 -> 2362 tris
[Akku SDK][INFO] Optimized mesh: Alpha_Joints
  Data: {
  "doubles_removed": 0,
  "degenerate_dissolved": 0,
  "normals_fixed": true
}
[Akku SDK][INFO] Decimated Alpha_Joints: 2032 -> 800 tris
[Akku SDK][INFO] Optimized mesh: Alpha_Surface
  Data: {
  "doubles_removed": 0,
  "degenerate_dissolved": 0,
  "normals_fixed": true
}
[Akku SDK][INFO] Decimated Alpha_Surface: 2362 -> 796 tris
[Akku SDK][INFO] Optimized mesh: Heavy_Boots_L
  Data: {
  "doubles_removed": 0,
  "degenerate_dissolved": 0,
  "normals_fixed": true
}
[Akku SDK][INFO] Optimized mesh: Heavy_Boots_R
  Data: {
  "doubles_removed": 0,
  "degenerate_dissolved": 0,
  "normals_fixed": true
}
[Akku SDK][INFO] Optimized mesh: Knight_Chestplate
  Data: {
  "doubles_removed": 0,
  "degenerate_dissolved": 0,
  "normals_fixed": true
}
[Akku SDK][INFO] Optimized mesh: Knight_Gauntlet_L
  Data: {
  "doubles_removed": 0,
  "degenerate_dissolved": 0,
  "normals_fixed": true
}
[Akku SDK][INFO] Optimized mesh: Knight_Gauntlet_R
  Data: {
  "doubles_removed": 0,
  "degenerate_dissolved": 0,
  "normals_fixed": true
}
[Akku SDK][INFO] Optimized mesh: Knight_Helmet
  Data: {
  "doubles_removed": 0,
  "degenerate_dissolved": 0,
  "normals_fixed": true
}
[Akku SDK][INFO] Optimized mesh: Knight_Shield
  Data: {
  "doubles_removed": 0,
  "degenerate_dissolved": 0,
  "normals_fixed": true
}
[Akku SDK][INFO] Optimized mesh: Knight_Shoulder_L
  Data: {
  "doubles_removed": 0,
  "degenerate_dissolved": 0,
  "normals_fixed": true
}
[Akku SDK][INFO] Optimized mesh: Knight_Shoulder_R
  Data: {
  "doubles_removed": 0,
  "degenerate_dissolved": 0,
  "normals_fixed": true
}
[Akku SDK][INFO] Optimized mesh: Knight_Sword
  Data: {
  "doubles_removed": 0,
  "degenerate_dissolved": 0,
  "normals_fixed": true
}
[Akku SDK][INFO] Finalized for mobile
  Data: {
  "platform": "mobile",
  "objects_processed": 12,
  "total_tris": 1848
}
[Akku SDK][INFO] Step 'finalize': SUCCESS
  Data: {
  "duration_ms": 510.8001232147217,
  "mesh_stats": {
    "vertex_count": 494,
    "face_count": 800,
    "triangle_count": 800,
    "edge_count": 1200,
    "material_count": 1,
    "bounds_min": [
      -0.9406092762947083,
      -0.1376975178718567,
      0.0058710635639727116
    ],
    "bounds_max": [
      0.9449464082717896,
      0.13518588244915009,
      1.5992001295089722
    ],
    "height": 1.5933290659449995
  }
}
[Akku SDK][INFO] Executing tool: export_glb
DEBUG: Starting export_glb
15:17:44 | ERROR: Draco mesh compression is not available because library could not be found at /usr/bin/3.4/python/lib/python3.11/site-packages/libextern_draco.so
15:17:44 | INFO: Starting glTF 2.0 export
WARNING: Armature must be the parent of skinned mesh
Armature is selected by its name, but may be false in case of instances
WARNING: Armature must be the parent of skinned mesh
Armature is selected by its name, but may be false in case of instances
WARNING: Armature must be the parent of skinned mesh
Armature is selected by its name, but may be false in case of instances
WARNING: Armature must be the parent of skinned mesh
Armature is selected by its name, but may be false in case of instances
WARNING: Armature must be the parent of skinned mesh
Armature is selected by its name, but may be false in case of instances
WARNING: Armature must be the parent of skinned mesh
Armature is selected by its name, but may be false in case of instances
WARNING: Armature must be the parent of skinned mesh
Armature is selected by its name, but may be false in case of instances
WARNING: Armature must be the parent of skinned mesh
Armature is selected by its name, but may be false in case of instances
WARNING: Armature must be the parent of skinned mesh
Armature is selected by its name, but may be false in case of instances
WARNING: Armature must be the parent of skinned mesh
Armature is selected by its name, but may be false in case of instances
15:17:44 | INFO: Extracting primitive: Alpha_Joints.002
15:17:44 | INFO: Primitives created: 1
15:17:44 | INFO: Extracting primitive: Alpha_Surface.002
15:17:44 | INFO: Primitives created: 1
15:17:44 | INFO: Extracting primitive: Knight_Chestplate_mesh
15:17:44 | INFO: Primitives created: 1
15:17:44 | INFO: Extracting primitive: Knight_Helmet_mesh
15:17:44 | INFO: Primitives created: 1
15:17:44 | INFO: Extracting primitive: Knight_Shoulder_L_mesh
15:17:44 | INFO: Primitives created: 1
15:17:44 | INFO: Extracting primitive: Knight_Gauntlet_L_mesh
15:17:44 | INFO: Primitives created: 1
15:17:44 | INFO: Extracting primitive: Knight_Shield_mesh
15:17:44 | INFO: Primitives created: 1
15:17:44 | INFO: Extracting primitive: Knight_Shoulder_R_mesh
15:17:44 | INFO: Primitives created: 1
15:17:44 | INFO: Extracting primitive: Knight_Gauntlet_R_mesh
15:17:44 | INFO: Primitives created: 1
15:17:44 | INFO: Extracting primitive: Knight_Sword_mesh
15:17:44 | INFO: Primitives created: 1
15:17:44 | INFO: Extracting primitive: Heavy_Boots_L_mesh
15:17:44 | INFO: Primitives created: 1
15:17:44 | INFO: Extracting primitive: Heavy_Boots_R_mesh
15:17:44 | INFO: Primitives created: 1
15:17:44 | INFO: Finished glTF 2.0 export in 0.16347265243530273 s

[Akku SDK][INFO] Exported GLB: /home/composerkil/akku-engine/outputs/ad88342c-5891-492b-966f-e8793989aab2.glb
[Akku SDK][INFO] Step 'export_glb': SUCCESS
  Data: {
  "duration_ms": 368.73674392700195,
  "mesh_stats": {
    "vertex_count": 494,
    "face_count": 792,
    "triangle_count": 792,
    "edge_count": 1200,
    "material_count": 1,
    "bounds_min": [
      -0.9406092762947083,
      -0.1376975178718567,
      0.0058710635639727116
    ],
    "bounds_max": [
      0.9449464082717896,
      0.13518588244915009,
      1.5992001295089722
    ],
    "height": 1.5933290659449995
  }
}
[Akku SDK][INFO] Generation complete: /home/composerkil/akku-engine/outputs/ad88342c-5891-492b-966f-e8793989aab2.glb
