[Akku SDK][INFO] Akku SDK v3.6.0 loaded
[Akku SDK][INFO] Starting generation: SF 로봇 전사, 메탈릭 블루 아머
[Akku SDK][INFO] Executing tool: clear_scene
DEBUG: Starting clear_scene
[Akku SDK][INFO] Step 'clear_scene': SUCCESS
  Data: {
  "duration_ms": 0.3426074981689453,
  "mesh_stats": null
}
[Akku SDK][INFO] Executing tool: import_base_mesh
DEBUG: Starting import_base_mesh
FBX version: 7700
[Akku SDK][INFO] Imported FBX: /home/composerkil/akku-engine/assets/base_meshes/Y_Bot.fbx
[Akku SDK][INFO] Step 'import_base_mesh': SUCCESS
  Data: {
  "duration_ms": 770.5695629119873,
  "mesh_stats": {
    "vertex_count": 10514,
    "face_count": 11120,
    "triangle_count": 20840,
    "edge_count": 21540,
    "material_count": 1,
    "bounds_min": [
      -0.9452752470970154,
      -0.1396786868572235,
      0.007688506506383419
    ],
    "bounds_max": [
      0.9452717304229736,
      0.1359248012304306,
      1.598390817642212
    ],
    "height": 1.5907023111358285
  }
}
[Akku SDK][INFO] Executing tool: apply_body_type
DEBUG: Starting apply_body_type
[Akku SDK][INFO] Step 'apply_body_type': SUCCESS
  Data: {
  "duration_ms": 0.08463859558105469,
  "mesh_stats": {
    "vertex_count": 10514,
    "face_count": 11120,
    "triangle_count": 20840,
    "edge_count": 21540,
    "material_count": 1,
    "bounds_min": [
      -0.9452752470970154,
      -0.1396786868572235,
      0.007688506506383419
    ],
    "bounds_max": [
      0.9452717304229736,
      0.1359248012304306,
      1.598390817642212
    ],
    "height": 1.5907023111358285
  }
}
[Akku SDK][INFO] Executing tool: apply_shader
DEBUG: Starting apply_shader
[Akku SDK][INFO] Created stylized material: Akku_Stylized_Alpha_Joints
  Data: {
  "edge_brightness": 0.3,
  "cavity_darkness": 0.35,
  "use_fresnel": true
}
[Akku SDK][INFO] Applied stylized shader to Alpha_Joints
  Data: {
  "style": "stylized"
}
[Akku SDK][INFO] Created stylized material: Akku_Stylized_Alpha_Surface
  Data: {
  "edge_brightness": 0.3,
  "cavity_darkness": 0.35,
  "use_fresnel": true
}
[Akku SDK][INFO] Applied stylized shader to Alpha_Surface
  Data: {
  "style": "stylized"
}
[Akku SDK][INFO] Step 'apply_shader': SUCCESS
  Data: {
  "duration_ms": 4.212617874145508,
  "mesh_stats": {
    "vertex_count": 10514,
    "face_count": 11120,
    "triangle_count": 20840,
    "edge_count": 21540,
    "material_count": 1,
    "bounds_min": [
      -0.9452752470970154,
      -0.1396786868572235,
      0.007688506506383419
    ],
    "bounds_max": [
      0.9452717304229736,
      0.1359248012304306,
      1.598390817642212
    ],
    "height": 1.5907023111358285
  }
}
[Akku SDK][INFO] Executing tool: equip_set
DEBUG: Starting equip_set
Blender 3.4.1
/run/user/1000/gvfs/ non-existent directory
Error: Vertex not in group
Error: Vertex not in group
Error: Vertex not in group
Error: Vertex not in group
Error: Vertex not in group
Error: Vertex not in group
Error: Vertex not in group
Error: Vertex not in group
Error: Vertex not in group
Error: Vertex not in group
Error: Vertex not in group
Error: Vertex not in group
Error: Vertex not in group
Error: Vertex not in group
Error: Vertex not in group
Error: Vertex not in group
Error: Vertex not in group
Error: Vertex not in group
Error: Vertex not in group
Error: Vertex not in group
Error: Vertex not in group
Error: Vertex not in group
Error: Vertex not in group
Error: Vertex not in group
Error: Vertex not in group
Error: Vertex not in group
Error: Vertex not in group
Error: Vertex not in group
Error: Vertex not in group
Error: Vertex not in group
Error: Vertex not in group
Error: Vertex not in group
Error: Vertex not in group
Error: Vertex not in group
Error: Vertex not in group
Error: Vertex not in group
Error: Vertex not in group
Error: Vertex not in group
Error: Vertex not in group
Error: Vertex not in group
Error: Vertex not in group
Error: Vertex not in group
Error: Vertex not in group
Error: Vertex not in group
Error: Vertex not in group
Error: Vertex not in group
Error: Vertex not in group
Error: Vertex not in group
Error: Vertex not in group
Error: Vertex not in group
Error: Vertex not in group
Error: Vertex not in group
Error: Vertex not in group
Error: Vertex not in group
Error: Vertex not in group
Error: Vertex not in group
Error: Vertex not in group
Error: Vertex not in group
Error: Vertex not in group
Error: Vertex not in group
Error: Vertex not in group
Error: Vertex not in group
Error: Vertex not in group
Error: Vertex not in group
Error: Vertex not in group
Error: Vertex not in group
Error: Vertex not in group
Error: Vertex not in group
Error: Vertex not in group
Error: Vertex not in group
Error: Vertex not in group
Error: Vertex not in group
Error: Vertex not in group
Error: Vertex not in group
Error: Vertex not in group
Error: Vertex not in group
Error: Vertex not in group
Error: Vertex not in group
Error: Vertex not in group
Error: Vertex not in group
Error: Vertex not in group
Error: Vertex not in group
Error: Vertex not in group
Error: Vertex not in group
Error: Vertex not in group
Error: Vertex not in group
Error: Vertex not in group
Error: Vertex not in group
Error: Vertex not in group
Error: Vertex not in group
Error: Vertex not in group
Error: Vertex not in group
Error: Vertex not in group
Error: Vertex not in group
Error: Vertex not in group
Error: Vertex not in group
Error: Vertex not in group
Error: Vertex not in group
Error: Vertex not in group
Error: Vertex not in group
Error: Vertex not in group
Error: Vertex not in group
Error: Vertex not in group
Error: Vertex not in group
Error: Vertex not in group
Error: Vertex not in group
Error: Vertex not in group
Error: Vertex not in group
Error: Vertex not in group
Error: Vertex not in group
Error: Vertex not in group
Error: Vertex not in group
Error: Vertex not in group
Error: Vertex not in group
Error: Vertex not in group
Error: Vertex not in group
Error: Vertex not in group
Error: Vertex not in group
Error: Vertex not in group
Error: Vertex not in group
Error: Vertex not in group
Error: Vertex not in group
Error: Vertex not in group
Error: Vertex not in group
Error: Vertex not in group
Error: Vertex not in group
Error: Vertex not in group
Error: Vertex not in group
Error: Vertex not in group
Error: Vertex not in group
Error: Vertex not in group
Error: Vertex not in group
Error: Vertex not in group
Error: Vertex not in group
Error: Vertex not in group
Error: Vertex not in group
Error: Vertex not in group
Error: Vertex not in group
Error: Vertex not in group
Error: Vertex not in group
Error: Vertex not in group
Error: Vertex not in group
Error: Vertex not in group
Error: Vertex not in group
Error: Vertex not in group
Error: Vertex not in group
Error: Vertex not in group
Error: Vertex not in group
Error: Vertex not in group
Error: Vertex not in group
Error: Vertex not in group
Error: Vertex not in group
Error: Vertex not in group
Error: Vertex not in group
Error: Vertex not in group
Error: Vertex not in group
Error: Vertex not in group
Error: Vertex not in group
Error: Vertex not in group
Error: Vertex not in group
Error: Vertex not in group
Error: Vertex not in group
Error: Vertex not in group
Error: Vertex not in group
Error: Vertex not in group
Error: Vertex not in group
Error: Vertex not in group
Error: Vertex not in group
Error: Vertex not in group
Error: Vertex not in group
Error: Vertex not in group
Error: Vertex not in group
Error: Vertex not in group
Error: Vertex not in group
Error: Vertex not in group
Error: Vertex not in group
Error: Vertex not in group
Error: Vertex not in group
Error: Vertex not in group
Error: Vertex not in group
Error: Vertex not in group
Error: Vertex not in group
Error: Vertex not in group
Error: Vertex not in group
Error: Vertex not in group
Error: Vertex not in group
Error: Vertex not in group
Error: Vertex not in group
Error: Vertex not in group
Error: Vertex not in group
Error: Vertex not in group
Error: Vertex not in group
Error: Vertex not in group
Error: Vertex not in group
Error: Vertex not in group
Error: Vertex not in group
Error: Vertex not in group
Error: Vertex not in group
Error: Vertex not in group
Error: Vertex not in group
Error: Vertex not in group
Error: Vertex not in group
Error: Vertex not in group
Error: Vertex not in group
Error: Vertex not in group
Error: Vertex not in group
Error: Vertex not in group
Error: Vertex not in group
Error: Vertex not in group
Error: Vertex not in group
Error: Vertex not in group
Error: Vertex not in group
Error: Vertex not in group
Error: Vertex not in group
Error: Vertex not in group
Error: Vertex not in group
Error: Vertex not in group
Error: Vertex not in group
Error: Vertex not in group
Error: Vertex not in group
Error: Vertex not in group
Error: Vertex not in group
Error: Vertex not in group
Error: Vertex not in group
Error: Vertex not in group
Error: Vertex not in group
Error: Vertex not in group
Error: Vertex not in group
Error: Vertex not in group
Error: Vertex not in group
Error: Vertex not in group
Error: Vertex not in group
Error: Vertex not in group
Error: Vertex not in group
Error: Vertex not in group
Error: Vertex not in group
Error: Vertex not in group
Error: Vertex not in group
Error: Vertex not in group
Error: Vertex not in group
Error: Vertex not in group
Error: Vertex not in group
Error: Vertex not in group
Error: Vertex not in group
Error: Vertex not in group
Error: Vertex not in group
Error: Vertex not in group
Error: Vertex not in group
Error: Vertex not in group
Error: Vertex not in group
Error: Vertex not in group
Error: Vertex not in group
Error: Vertex not in group
Error: Vertex not in group
Error: Vertex not in group
Error: Vertex not in group
Error: Vertex not in group
Error: Vertex not in group
Error: Vertex not in group
Error: Vertex not in group
Error: Vertex not in group
Error: Vertex not in group
Error: Vertex not in group
Error: Vertex not in group
Error: Vertex not in group
Error: Vertex not in group
Error: Vertex not in group
Error: Vertex not in group
Error: Vertex not in group
Error: Vertex not in group
Error: Vertex not in group
Error: Vertex not in group
Error: Vertex not in group
Error: Vertex not in group
Error: Vertex not in group
Error: Vertex not in group
Error: Vertex not in group
Error: Vertex not in group
Error: Vertex not in group
Error: Vertex not in group
Error: Vertex not in group
Error: Vertex not in group
Error: Vertex not in group
Error: Vertex not in group
Error: Vertex not in group
Error: Vertex not in group
Error: Vertex not in group
Error: Vertex not in group
Error: Vertex not in group
Error: Vertex not in group
Error: Vertex not in group
Error: Vertex not in group
Error: Vertex not in group
Error: Vertex not in group
Error: Vertex not in group
Error: Vertex not in group
Error: Vertex not in group
Error: Vertex not in group
Error: Vertex not in group
Error: Vertex not in group
Error: Vertex not in group
Error: Vertex not in group
Error: Vertex not in group
Error: Vertex not in group
Error: Vertex not in group
Error: Vertex not in group
Error: Vertex not in group
Error: Vertex not in group
Error: Vertex not in group
Error: Vertex not in group
Error: Vertex not in group
Error: Vertex not in group
Error: Vertex not in group
Error: Vertex not in group
Error: Vertex not in group
Error: Vertex not in group
Error: Vertex not in group
Error: Vertex not in group
Error: Vertex not in group
Error: Vertex not in group
Error: Vertex not in group
Error: Vertex not in group
Error: Vertex not in group
Error: Vertex not in group
Error: Vertex not in group
Error: Vertex not in group
Error: Vertex not in group
Error: Vertex not in group
Error: Vertex not in group
Error: Vertex not in group
Error: Vertex not in group
Error: Vertex not in group
Error: Vertex not in group
Error: Vertex not in group
Error: Vertex not in group
Error: Vertex not in group
Error: Vertex not in group
Error: Vertex not in group
Error: Vertex not in group
Error: Vertex not in group
Error: Vertex not in group
Error: Vertex not in group
Error: Vertex not in group
Error: Vertex not in group
Error: Vertex not in group
Error: Vertex not in group
Error: Vertex not in group
Error: Vertex not in group
Error: Vertex not in group
Error: Vertex not in group
Error: Vertex not in group
Error: Vertex not in group
Error: Vertex not in group
Error: Vertex not in group
Error: Vertex not in group
Error: Vertex not in group
Error: Vertex not in group
Error: Vertex not in group
Error: Vertex not in group
Error: Vertex not in group
Error: Vertex not in group
Error: Vertex not in group
Error: Vertex not in group
Error: Vertex not in group
Error: Vertex not in group
Error: Vertex not in group
Error: Vertex not in group
Error: Vertex not in group
Error: Vertex not in group
Error: Vertex not in group
Error: Vertex not in group
Error: Vertex not in group
Error: Vertex not in group
Error: Vertex not in group
Error: Vertex not in group
Error: Vertex not in group
Error: Vertex not in group
Error: Vertex not in group
Error: Vertex not in group
Error: Vertex not in group
Error: Vertex not in group
Error: Vertex not in group
Error: Vertex not in group
Error: Vertex not in group
Error: Vertex not in group
Error: Vertex not in group
Error: Vertex not in group
Error: Vertex not in group
Error: Vertex not in group
Error: Vertex not in group
Error: Vertex not in group
Error: Vertex not in group
Error: Vertex not in group
Error: Vertex not in group
Error: Vertex not in group
Error: Vertex not in group
Error: Vertex not in group
Error: Vertex not in group
Error: Vertex not in group
Error: Vertex not in group
Error: Vertex not in group
Error: Vertex not in group
Error: Vertex not in group
Error: Vertex not in group
Error: Vertex not in group
Error: Vertex not in group
Error: Vertex not in group
Error: Vertex not in group
Error: Vertex not in group
Error: Vertex not in group
Error: Vertex not in group
Error: Vertex not in group
Error: Vertex not in group
Error: Vertex not in group
Error: Vertex not in group
Error: Vertex not in group
Error: Vertex not in group
Error: Vertex not in group
Error: Vertex not in group
Error: Vertex not in group
Error: Vertex not in group
Error: Vertex not in group
Error: Vertex not in group
Error: Vertex not in group
Error: Vertex not in group
Error: Vertex not in group
Error: Vertex not in group
Error: Vertex not in group
Error: Vertex not in group
Error: Vertex not in group
Error: Vertex not in group
Error: Vertex not in group
Error: Vertex not in group
Error: Vertex not in group
Error: Vertex not in group
Error: Vertex not in group
Error: Vertex not in group
Error: Vertex not in group
Error: Vertex not in group
Error: Vertex not in group
Error: Vertex not in group
Error: Vertex not in group
Error: Vertex not in group
Error: Vertex not in group
Error: Vertex not in group
Error: Vertex not in group
Error: Vertex not in group
Error: Vertex not in group
Error: Vertex not in group
Error: Vertex not in group
Error: Vertex not in group
Error: Vertex not in group
Error: Vertex not in group
Error: Vertex not in group
Error: Vertex not in group
Error: Vertex not in group
Error: Vertex not in group
Error: Vertex not in group
Error: Vertex not in group
Error: Vertex not in group
Error: Vertex not in group
Error: Vertex not in group
Error: Vertex not in group
Error: Vertex not in group
Error: Vertex not in group
Error: Vertex not in group
Error: Vertex not in group
Error: Vertex not in group
Error: Vertex not in group
Error: Vertex not in group
Error: Vertex not in group
Error: Vertex not in group
Error: Vertex not in group
Error: Vertex not in group
Error: Vertex not in group
Error: Vertex not in group
Error: Vertex not in group
Error: Vertex not in group
Error: Vertex not in group
Error: Vertex not in group
Error: Vertex not in group
Error: Vertex not in group
Error: Vertex not in group
Error: Vertex not in group
Error: Vertex not in group
Error: Vertex not in group
Error: Vertex not in group
Error: Vertex not in group
Error: Vertex not in group
Error: Vertex not in group
Error: Vertex not in group
Error: Vertex not in group
Error: Vertex not in group
Error: Vertex not in group
Error: Vertex not in group
Error: Vertex not in group
Error: Vertex not in group
Error: Vertex not in group
Error: Vertex not in group
Error: Vertex not in group
Error: Vertex not in group
Error: Vertex not in group
Error: Vertex not in group
Error: Vertex not in group
Error: Vertex not in group
Error: Vertex not in group
Error: Vertex not in group
Error: Vertex not in group
Error: Vertex not in group
Error: Vertex not in group
Error: Vertex not in group
Error: Vertex not in group
Error: Vertex not in group
Error: Vertex not in group
Error: Vertex not in group
Error: Vertex not in group
Error: Vertex not in group
Error: Vertex not in group
Error: Vertex not in group
Error: Vertex not in group
Error: Vertex not in group
Error: Vertex not in group
Error: Vertex not in group
Error: Vertex not in group
Error: Vertex not in group
Error: Vertex not in group
Error: Vertex not in group
Error: Vertex not in group
Error: Vertex not in group
Error: Vertex not in group
Error: Vertex not in group
Error: Vertex not in group
Error: Vertex not in group
Error: Vertex not in group
Error: Vertex not in group
Error: Vertex not in group
Error: Vertex not in group
Error: Vertex not in group
Error: Vertex not in group
Error: Vertex not in group
Error: Vertex not in group
Error: Vertex not in group
Error: Vertex not in group
Error: Vertex not in group
Error: Vertex not in group
Error: Vertex not in group
Error: Vertex not in group
Error: Vertex not in group
Error: Vertex not in group
Error: Vertex not in group
Error: Vertex not in group
Error: Vertex not in group
Error: Vertex not in group
Error: Vertex not in group
Error: Vertex not in group
Error: Vertex not in group
Error: Vertex not in group
Error: Vertex not in group
Error: Vertex not in group
Error: Vertex not in group
Error: Vertex not in group
Error: Vertex not in group
Error: Vertex not in group
Error: Vertex not in group
Error: Vertex not in group
Error: Vertex not in group
Error: Vertex not in group
Error: Vertex not in group
Error: Vertex not in group
Error: Vertex not in group
Error: Vertex not in group
Error: Vertex not in group
Error: Vertex not in group
Error: Vertex not in group
Error: Vertex not in group
Error: Vertex not in group
Error: Vertex not in group
Error: Vertex not in group
Error: Vertex not in group
Error: Vertex not in group
Error: Vertex not in group
Error: Vertex not in group
Error: Vertex not in group
Error: Vertex not in group
Error: Vertex not in group
Error: Vertex not in group
Error: Vertex not in group
Error: Vertex not in group
Error: Vertex not in group
Error: Vertex not in group
Error: Vertex not in group
Error: Vertex not in group
Error: Vertex not in group
Error: Vertex not in group
Error: Vertex not in group
Error: Vertex not in group
Error: Vertex not in group
Error: Vertex not in group
Error: Vertex not in group
Error: Vertex not in group
Error: Vertex not in group
Error: Vertex not in group
Error: Vertex not in group
Error: Vertex not in group
Error: Vertex not in group
Error: Vertex not in group
Error: Vertex not in group
Error: Vertex not in group
Error: Vertex not in group
Error: Vertex not in group
Error: Vertex not in group
Error: Vertex not in group
Error: Vertex not in group
Error: Vertex not in group
Error: Vertex not in group
Error: Vertex not in group
Error: Vertex not in group
Error: Vertex not in group
Error: Vertex not in group
Error: Vertex not in group
Error: Vertex not in group
Error: Vertex not in group
Error: Vertex not in group
Error: Vertex not in group
Error: Vertex not in group
Error: Vertex not in group
Error: Vertex not in group
Error: Vertex not in group
Error: Vertex not in group
Error: Vertex not in group
Error: Vertex not in group
Error: Vertex not in group
Error: Vertex not in group
Error: Vertex not in group
Error: Vertex not in group
Error: Vertex not in group
Error: Vertex not in group
Error: Vertex not in group
Error: Vertex not in group
Error: Vertex not in group
Error: Vertex not in group
Error: Vertex not in group
Error: Vertex not in group
Error: Vertex not in group
Error: Vertex not in group
Error: Vertex not in group
Error: Vertex not in group
Error: Vertex not in group
Error: Vertex not in group
Error: Vertex not in group
Error: Vertex not in group
Error: Vertex not in group
Error: Vertex not in group
Error: Vertex not in group
Error: Vertex not in group
Error: Vertex not in group
Error: Vertex not in group
Error: Vertex not in group
Error: Vertex not in group
Error: Vertex not in group
Error: Vertex not in group
Error: Vertex not in group
Error: Vertex not in group
Error: Vertex not in group
Error: Vertex not in group
Error: Vertex not in group
Error: Vertex not in group
Error: Vertex not in group
Error: Vertex not in group
Error: Vertex not in group
Error: Vertex not in group
Error: Vertex not in group
Error: Vertex not in group
Error: Vertex not in group
Error: Vertex not in group
Error: Vertex not in group
Error: Vertex not in group
Error: Vertex not in group
Error: Vertex not in group
Error: Vertex not in group
Error: Vertex not in group
Error: Vertex not in group
Error: Vertex not in group
Error: Vertex not in group
Error: Vertex not in group
Error: Vertex not in group
Error: Vertex not in group
Error: Vertex not in group
Error: Vertex not in group
Error: Vertex not in group
Error: Vertex not in group
Error: Vertex not in group
Error: Vertex not in group
Error: Vertex not in group
Error: Vertex not in group
Error: Vertex not in group
Error: Vertex not in group
Error: Vertex not in group
Error: Vertex not in group
Error: Vertex not in group
Error: Vertex not in group
Error: Vertex not in group
Error: Vertex not in group
Error: Vertex not in group
Error: Vertex not in group
Error: Vertex not in group
Error: Vertex not in group
Error: Vertex not in group
Error: Vertex not in group
Error: Vertex not in group
Error: Vertex not in group
Error: Vertex not in group
Error: Vertex not in group
Error: Vertex not in group
Error: Vertex not in group
Error: Vertex not in group
Error: Vertex not in group
Error: Vertex not in group
Error: Vertex not in group
Error: Vertex not in group
Error: Vertex not in group
Error: Vertex not in group
Error: Vertex not in group
Error: Vertex not in group
Error: Vertex not in group
Error: Vertex not in group
Error: Vertex not in group
Error: Vertex not in group
Error: Vertex not in group
Error: Vertex not in group
Error: Vertex not in group
Error: Vertex not in group
Error: Vertex not in group
Error: Vertex not in group
Error: Vertex not in group
Error: Vertex not in group
Error: Vertex not in group
Error: Vertex not in group
Error: Vertex not in group
Error: Vertex not in group
Error: Vertex not in group
Error: Vertex not in group
Error: Vertex not in group
Error: Vertex not in group
Error: Vertex not in group
Error: Vertex not in group
Error: Vertex not in group
Error: Vertex not in group
Error: Vertex not in group
Error: Vertex not in group
Error: Vertex not in group
Error: Vertex not in group
Error: Vertex not in group
Error: Vertex not in group
Error: Vertex not in group
Error: Vertex not in group
Error: Vertex not in group
Error: Vertex not in group
Error: Vertex not in group
Error: Vertex not in group
Error: Vertex not in group
Error: Vertex not in group
Error: Vertex not in group
Error: Vertex not in group
Error: Vertex not in group
Error: Vertex not in group
Error: Vertex not in group
Error: Vertex not in group
Error: Vertex not in group
Error: Vertex not in group
Error: Vertex not in group
Error: Vertex not in group
Error: Vertex not in group
Error: Vertex not in group
Error: Vertex not in group
Error: Vertex not in group
Error: Vertex not in group
Error: Vertex not in group
Error: Vertex not in group
Error: Vertex not in group
Error: Vertex not in group
Error: Vertex not in group
Error: Vertex not in group
Error: Vertex not in group
Error: Vertex not in group
Error: Vertex not in group
Error: Vertex not in group
Error: Vertex not in group
Error: Vertex not in group
Error: Vertex not in group
Error: Vertex not in group
Error: Vertex not in group
Error: Vertex not in group
Error: Vertex not in group
Error: Vertex not in group
Error: Vertex not in group
Error: Vertex not in group
Error: Vertex not in group
Error: Vertex not in group
Error: Vertex not in group
Error: Vertex not in group
Error: Vertex not in group
Error: Vertex not in group
Error: Vertex not in group
Error: Vertex not in group
Error: Vertex not in group
Error: Vertex not in group
Error: Vertex not in group
Error: Vertex not in group
Error: Vertex not in group
Error: Vertex not in group
Error: Vertex not in group
Error: Vertex not in group
Error: Vertex not in group
Error: Vertex not in group
Error: Vertex not in group
Error: Vertex not in group
Error: Vertex not in group
Error: Vertex not in group
Error: Vertex not in group
Error: Vertex not in group
Error: Vertex not in group
Error: Vertex not in group
Error: Vertex not in group
Error: Vertex not in group
Error: Vertex not in group
Error: Vertex not in group
Error: Vertex not in group
Error: Vertex not in group
Error: Vertex not in group
Error: Vertex not in group
Error: Vertex not in group
Error: Vertex not in group
Error: Vertex not in group
Error: Vertex not in group
Error: Vertex not in group
Error: Vertex not in group
Error: Vertex not in group
Error: Vertex not in group
Error: Vertex not in group
Error: Vertex not in group
Error: Vertex not in group
Error: Vertex not in group
Error: Vertex not in group
Error: Vertex not in group
Error: Vertex not in group
Error: Vertex not in group
Error: Vertex not in group
Error: Vertex not in group
Error: Vertex not in group
Error: Vertex not in group
Error: Vertex not in group
Error: Vertex not in group
Error: Vertex not in group
Error: Vertex not in group
Error: Vertex not in group
Error: Vertex not in group
Error: Vertex not in group
Error: Vertex not in group
Error: Vertex not in group
Error: Vertex not in group
Error: Vertex not in group
Error: Vertex not in group
Error: Vertex not in group
Error: Vertex not in group
Error: Vertex not in group
Error: Vertex not in group
Error: Vertex not in group
Error: Vertex not in group
Error: Vertex not in group
Error: Vertex not in group
Error: Vertex not in group
Error: Vertex not in group
Error: Vertex not in group
Error: Vertex not in group
Error: Vertex not in group
Error: Vertex not in group
Error: Vertex not in group
Error: Vertex not in group
Error: Vertex not in group
Error: Vertex not in group
Error: Vertex not in group
Error: Vertex not in group
Error: Vertex not in group
Error: Vertex not in group
Error: Vertex not in group
Error: Vertex not in group
Error: Vertex not in group
Error: Vertex not in group
Error: Vertex not in group
Error: Vertex not in group
Error: Vertex not in group
Error: Vertex not in group
Error: Vertex not in group
Error: Vertex not in group
Error: Vertex not in group
Error: Vertex not in group
Error: Vertex not in group
Error: Vertex not in group
Error: Vertex not in group
Error: Vertex not in group
Error: Vertex not in group
Error: Vertex not in group
Error: Vertex not in group
Error: Vertex not in group
Error: Vertex not in group
Error: Vertex not in group
Error: Vertex not in group
Error: Vertex not in group
Error: Vertex not in group
Error: Vertex not in group
Error: Vertex not in group
Error: Vertex not in group
Error: Vertex not in group
Error: Vertex not in group
Error: Vertex not in group
Error: Vertex not in group
Error: Vertex not in group
Error: Vertex not in group
Error: Vertex not in group
Error: Vertex not in group
Error: Vertex not in group
Error: Vertex not in group
Error: Vertex not in group
Error: Vertex not in group
Error: Vertex not in group
Error: Vertex not in group
Error: Vertex not in group
Error: Vertex not in group
Error: Vertex not in group
Error: Vertex not in group
Error: Vertex not in group
Error: Vertex not in group
Error: Vertex not in group
Error: Vertex not in group
Error: Vertex not in group
Error: Vertex not in group
Error: Vertex not in group
Error: Vertex not in group
Error: Vertex not in group
Error: Vertex not in group
Error: Vertex not in group
Error: Vertex not in group
Error: Vertex not in group
Error: Vertex not in group
Error: Vertex not in group
Error: Vertex not in group
Error: Vertex not in group
Error: Vertex not in group
Error: Vertex not in group
Error: Vertex not in group
Error: Vertex not in group
Error: Vertex not in group
Error: Vertex not in group
Error: Vertex not in group
Error: Vertex not in group
Error: Vertex not in group
Error: Vertex not in group
Error: Vertex not in group
Error: Vertex not in group
Error: Vertex not in group
Error: Vertex not in group
Error: Vertex not in group
Error: Vertex not in group
Error: Vertex not in group
Error: Vertex not in group
Error: Vertex not in group
Error: Vertex not in group
Error: Vertex not in group
Error: Vertex not in group
Error: Vertex not in group
Error: Vertex not in group
Error: Vertex not in group
Error: Vertex not in group
Error: Vertex not in group
Error: Vertex not in group
Error: Vertex not in group
Error: Vertex not in group
Error: Vertex not in group
Error: Vertex not in group
Error: Vertex not in group
Error: Vertex not in group
Error: Vertex not in group
Error: Vertex not in group
Error: Vertex not in group
Error: Vertex not in group
Error: Vertex not in group
Error: Vertex not in group
Error: Vertex not in group
Error: Vertex not in group
Error: Vertex not in group
Error: Vertex not in group
Error: Vertex not in group
Error: Vertex not in group
Error: Vertex not in group
Error: Vertex not in group
Error: Vertex not in group
Error: Vertex not in group
Error: Vertex not in group
Error: Vertex not in group
Error: Vertex not in group
Error: Vertex not in group
Error: Vertex not in group
Error: Vertex not in group
Error: Vertex not in group
Error: Vertex not in group
Error: Vertex not in group
Error: Vertex not in group
Error: Vertex not in group
Error: Vertex not in group
Error: Vertex not in group
Error: Vertex not in group
Error: Vertex not in group
Error: Vertex not in group
Error: Vertex not in group
Error: Vertex not in group
Error: Vertex not in group
Error: Vertex not in group
Error: Vertex not in group
Error: Vertex not in group
Error: Vertex not in group
Error: Vertex not in group
Error: Vertex not in group
Error: Vertex not in group
Error: Vertex not in group
Error: Vertex not in group
Error: Vertex not in group
Error: Vertex not in group
Error: Vertex not in group
Error: Vertex not in group
Error: Vertex not in group
Error: Vertex not in group
Error: Vertex not in group
Error: Vertex not in group
Error: Vertex not in group
Error: Vertex not in group
Error: Vertex not in group
Error: Vertex not in group
Error: Vertex not in group
Error: Vertex not in group
Error: Vertex not in group
Error: Vertex not in group
Error: Vertex not in group
Error: Vertex not in group
Error: Vertex not in group
Error: Vertex not in group
Error: Vertex not in group
Error: Vertex not in group
Error: Vertex not in group
Error: Vertex not in group
Error: Vertex not in group
Error: Vertex not in group
Error: Vertex not in group
Error: Vertex not in group
Error: Vertex not in group
Error: Vertex not in group
Error: Vertex not in group
Error: Vertex not in group
Error: Vertex not in group
Error: Vertex not in group
Error: Vertex not in group
Error: Vertex not in group
Error: Vertex not in group
Error: Vertex not in group
Error: Vertex not in group
Error: Vertex not in group
Error: Vertex not in group
Error: Vertex not in group
Error: Vertex not in group
Error: Vertex not in group
Error: Vertex not in group
Error: Vertex not in group
Error: Vertex not in group
Error: Vertex not in group
Error: Vertex not in group
Error: Vertex not in group
Error: Vertex not in group
Error: Vertex not in group
Error: Vertex not in group
Error: Vertex not in group
Error: Vertex not in group
Error: Vertex not in group
Error: Vertex not in group
Error: Vertex not in group
Error: Vertex not in group
Error: Vertex not in group
Error: Vertex not in group
Error: Vertex not in group
Error: Vertex not in group
Error: Vertex not in group
Error: Vertex not in group
Error: Vertex not in group
Error: Vertex not in group
Error: Vertex not in group
Error: Vertex not in group
Error: Vertex not in group
Error: Vertex not in group
Error: Vertex not in group
Error: Vertex not in group
Error: Vertex not in group
Error: Vertex not in group
Error: Vertex not in group
Error: Vertex not in group
Error: Vertex not in group
Error: Vertex not in group
Error: Vertex not in group
Error: Vertex not in group
Error: Vertex not in group
Error: Vertex not in group
Error: Vertex not in group
Error: Vertex not in group
Error: Vertex not in group
Error: Vertex not in group
Error: Vertex not in group
Error: Vertex not in group
Error: Vertex not in group
Error: Vertex not in group
Error: Vertex not in group
Error: Vertex not in group
Error: Vertex not in group
Error: Vertex not in group
Error: Vertex not in group
Error: Vertex not in group
Error: Vertex not in group
Error: Vertex not in group
Error: Vertex not in group
Error: Vertex not in group
Error: Vertex not in group
Error: Vertex not in group
Error: Vertex not in group
Error: Vertex not in group
Error: Vertex not in group
Error: Vertex not in group
Error: Vertex not in group
Error: Vertex not in group
Error: Vertex not in group
Error: Vertex not in group
Error: Vertex not in group
Error: Vertex not in group
Error: Vertex not in group
Error: Vertex not in group
Error: Vertex not in group
Error: Vertex not in group
Error: Vertex not in group
Error: Vertex not in group
Error: Vertex not in group
Error: Vertex not in group
Error: Vertex not in group
Error: Vertex not in group
Error: Vertex not in group
Error: Vertex not in group
Error: Vertex not in group
Error: Vertex not in group
Error: Vertex not in group
Error: Vertex not in group
Error: Vertex not in group
Error: Vertex not in group
Error: Vertex not in group
Error: Vertex not in group
Error: Vertex not in group
Error: Vertex not in group
Error: Vertex not in group
Error: Vertex not in group
Error: Vertex not in group
Error: Vertex not in group
Error: Vertex not in group
Error: Vertex not in group
Error: Vertex not in group
Error: Vertex not in group
Error: Vertex not in group
Error: Vertex not in group
Error: Vertex not in group
Error: Vertex not in group
Error: Vertex not in group
Error: Vertex not in group
Error: Vertex not in group
Error: Vertex not in group
Error: Vertex not in group
Error: Vertex not in group
Error: Vertex not in group
Error: Vertex not in group
Error: Vertex not in group
Error: Vertex not in group
Error: Vertex not in group
Error: Vertex not in group
Error: Vertex not in group
Error: Vertex not in group
Error: Vertex not in group
Error: Vertex not in group
Error: Vertex not in group
Error: Vertex not in group
Error: Vertex not in group
Error: Vertex not in group
Error: Vertex not in group
Error: Vertex not in group
Error: Vertex not in group
Error: Vertex not in group
Error: Vertex not in group
Error: Vertex not in group
Error: Vertex not in group
Error: Vertex not in group
Error: Vertex not in group
Error: Vertex not in group
Error: Vertex not in group
Error: Vertex not in group
Error: Vertex not in group
Error: Vertex not in group
Error: Vertex not in group
Error: Vertex not in group
Error: Vertex not in group
Error: Vertex not in group
Error: Vertex not in group
Error: Vertex not in group
Error: Vertex not in group
Error: Vertex not in group
Error: Vertex not in group
Error: Vertex not in group
Error: Vertex not in group
Error: Vertex not in group
Error: Vertex not in group
Error: Vertex not in group
Error: Vertex not in group
Error: Vertex not in group
Error: Vertex not in group
Error: Vertex not in group
Error: Vertex not in group
Error: Vertex not in group
Error: Vertex not in group
Error: Vertex not in group
Error: Vertex not in group
Error: Vertex not in group
Error: Vertex not in group
Error: Vertex not in group
Error: Vertex not in group
Error: Vertex not in group
Error: Vertex not in group
Error: Vertex not in group
Error: Vertex not in group
Error: Vertex not in group
Error: Vertex not in group
Error: Vertex not in group
Error: Vertex not in group
Error: Vertex not in group
Error: Vertex not in group
Error: Vertex not in group
Error: Vertex not in group
Error: Vertex not in group
Error: Vertex not in group
Error: Vertex not in group
Error: Vertex not in group
Error: Vertex not in group
Error: Vertex not in group
Error: Vertex not in group
Error: Vertex not in group
Error: Vertex not in group
Error: Vertex not in group
Error: Vertex not in group
Error: Vertex not in group
Error: Vertex not in group
Error: Vertex not in group
Error: Vertex not in group
Error: Vertex not in group
Error: Vertex not in group
Error: Vertex not in group
Error: Vertex not in group
Error: Vertex not in group
Error: Vertex not in group
Error: Vertex not in group
Error: Vertex not in group
Error: Vertex not in group
Error: Vertex not in group
Error: Vertex not in group
Error: Vertex not in group
Error: Vertex not in group
Error: Vertex not in group
Error: Vertex not in group
Error: Vertex not in group
Error: Vertex not in group
Error: Vertex not in group
Error: Vertex not in group
Error: Vertex not in group
Error: Vertex not in group
Error: Vertex not in group
Error: Vertex not in group
Error: Vertex not in group
Error: Vertex not in group
Error: Vertex not in group
Error: Vertex not in group
Error: Vertex not in group
Error: Vertex not in group
Error: Vertex not in group
Error: Vertex not in group
Error: Vertex not in group
Error: Vertex not in group
Error: Vertex not in group
Error: Vertex not in group
Error: Vertex not in group
Error: Vertex not in group
Error: Vertex not in group
Error: Vertex not in group
Error: Vertex not in group
Error: Vertex not in group
Error: Vertex not in group
Error: Vertex not in group
Error: Vertex not in group
Error: Vertex not in group
Error: Vertex not in group
Error: Vertex not in group
Error: Vertex not in group
Error: Vertex not in group
Error: Vertex not in group
Error: Vertex not in group
Error: Vertex not in group
Error: Vertex not in group
Error: Vertex not in group
Error: Vertex not in group
Error: Vertex not in group
Error: Vertex not in group
Error: Vertex not in group
Error: Vertex not in group
Error: Vertex not in group
Error: Vertex not in group
Error: Vertex not in group
Error: Vertex not in group
Error: Vertex not in group
Error: Vertex not in group
Error: Vertex not in group
Error: Vertex not in group
Error: Vertex not in group
Error: Vertex not in group
Error: Vertex not in group
Error: Vertex not in group
Error: Vertex not in group
Error: Vertex not in group
Error: Vertex not in group
Error: Vertex not in group
Error: Vertex not in group
Error: Vertex not in group
Error: Vertex not in group
Error: Vertex not in group
Error: Vertex not in group
Error: Vertex not in group
Error: Vertex not in group
Error: Vertex not in group
Error: Vertex not in group
Error: Vertex not in group
Error: Vertex not in group
Error: Vertex not in group
Error: Vertex not in group
Error: Vertex not in group
Error: Vertex not in group
Error: Vertex not in group
Error: Vertex not in group
Error: Vertex not in group
Error: Vertex not in group
Error: Vertex not in group
Error: Vertex not in group
Error: Vertex not in group
Error: Vertex not in group
Error: Vertex not in group
Error: Vertex not in group
Error: Vertex not in group
Error: Vertex not in group
Error: Vertex not in group
Error: Vertex not in group
Error: Vertex not in group
Error: Vertex not in group
Error: Vertex not in group
Error: Vertex not in group
Error: Vertex not in group
Error: Vertex not in group
Error: Vertex not in group
Error: Vertex not in group
Error: Vertex not in group
Error: Vertex not in group
Error: Vertex not in group
Error: Vertex not in group
Error: Vertex not in group
Error: Vertex not in group
Error: Vertex not in group
Error: Vertex not in group
Error: Vertex not in group
Error: Vertex not in group
Error: Vertex not in group
Error: Vertex not in group
Error: Vertex not in group
Error: Vertex not in group
Error: Vertex not in group
Error: Vertex not in group
Error: Vertex not in group
Error: Vertex not in group
Error: Vertex not in group
Error: Vertex not in group
Error: Vertex not in group
Error: Vertex not in group
Error: Vertex not in group
Error: Vertex not in group
Error: Vertex not in group
Error: Vertex not in group
Error: Vertex not in group
Error: Vertex not in group
Error: Vertex not in group
Error: Vertex not in group
Error: Vertex not in group
Error: Vertex not in group
Error: Vertex not in group
Error: Vertex not in group
Error: Vertex not in group
Error: Vertex not in group
Error: Vertex not in group
Error: Vertex not in group
Error: Vertex not in group
Error: Vertex not in group
Error: Vertex not in group
Error: Vertex not in group
Error: Vertex not in group
Error: Vertex not in group
Error: Vertex not in group
Error: Vertex not in group
Error: Vertex not in group
Error: Vertex not in group
Error: Vertex not in group
Error: Vertex not in group
Error: Vertex not in group
Error: Vertex not in group
Error: Vertex not in group
Error: Vertex not in group
Error: Vertex not in group
Error: Vertex not in group
Error: Vertex not in group
Error: Vertex not in group
Error: Vertex not in group
Error: Vertex not in group
Error: Vertex not in group
Error: Vertex not in group
Error: Vertex not in group
Error: Vertex not in group
Error: Vertex not in group
Error: Vertex not in group
Error: Vertex not in group
Error: Vertex not in group
Error: Vertex not in group
Error: Vertex not in group
Error: Vertex not in group
Error: Vertex not in group
Error: Vertex not in group
Error: Vertex not in group
Error: Vertex not in group
Error: Vertex not in group
Error: Vertex not in group
Error: Vertex not in group
Error: Vertex not in group
Error: Vertex not in group
Error: Vertex not in group
Error: Vertex not in group
Error: Vertex not in group
Error: Vertex not in group
Error: Vertex not in group
Error: Vertex not in group
Error: Vertex not in group
Error: Vertex not in group
Error: Vertex not in group
Error: Vertex not in group
Error: Vertex not in group
Error: Vertex not in group
Error: Vertex not in group
Error: Vertex not in group
Error: Vertex not in group
Error: Vertex not in group
Error: Vertex not in group
Error: Vertex not in group
Error: Vertex not in group
Error: Vertex not in group
Error: Vertex not in group
Error: Vertex not in group
Error: Vertex not in group
Error: Vertex not in group
Error: Vertex not in group
Error: Vertex not in group
Error: Vertex not in group
Error: Vertex not in group
Error: Vertex not in group
Error: Vertex not in group
Error: Vertex not in group
Error: Vertex not in group
Error: Vertex not in group
Error: Vertex not in group
Error: Vertex not in group
Error: Vertex not in group
Error: Vertex not in group
Error: Vertex not in group
Error: Vertex not in group
Error: Vertex not in group
Error: Vertex not in group
Error: Vertex not in group
Error: Vertex not in group
Error: Vertex not in group
Error: Vertex not in group
Error: Vertex not in group
Error: Vertex not in group
Error: Vertex not in group
Error: Vertex not in group
Error: Vertex not in group
Error: Vertex not in group
Error: Vertex not in group
Error: Vertex not in group
Error: Vertex not in group
Error: Vertex not in group
Error: Vertex not in group
Error: Vertex not in group
Error: Vertex not in group
Error: Vertex not in group
Error: Vertex not in group
Error: Vertex not in group
Error: Vertex not in group
Error: Vertex not in group
Error: Vertex not in group
Error: Vertex not in group
Error: Vertex not in group
Error: Vertex not in group
Error: Vertex not in group
Error: Vertex not in group
Error: Vertex not in group
Error: Vertex not in group
Error: Vertex not in group
Error: Vertex not in group
Error: Vertex not in group
Error: Vertex not in group
Error: Vertex not in group
Error: Vertex not in group
Error: Vertex not in group
Error: Vertex not in group
Error: Vertex not in group
Error: Vertex not in group
Error: Vertex not in group
Error: Vertex not in group
Error: Vertex not in group
Error: Vertex not in group
Error: Vertex not in group
Error: Vertex not in group
Error: Vertex not in group
Error: Vertex not in group
Error: Vertex not in group
Error: Vertex not in group
Error: Vertex not in group
Error: Vertex not in group
Error: Vertex not in group
Error: Vertex not in group
Error: Vertex not in group
Error: Vertex not in group
Error: Vertex not in group
Error: Vertex not in group
Error: Vertex not in group
Error: Vertex not in group
Error: Vertex not in group
Error: Vertex not in group
Error: Vertex not in group
Error: Vertex not in group
Error: Vertex not in group
Error: Vertex not in group
Error: Vertex not in group
Error: Vertex not in group
Error: Vertex not in group
Error: Vertex not in group
Error: Vertex not in group
Error: Vertex not in group
Error: Vertex not in group
Error: Vertex not in group
Error: Vertex not in group
Error: Vertex not in group
Error: Vertex not in group
Error: Vertex not in group
Error: Vertex not in group
Error: Vertex not in group
Error: Vertex not in group
Error: Vertex not in group
Error: Vertex not in group
Error: Vertex not in group
Error: Vertex not in group
Error: Vertex not in group
Error: Vertex not in group
Error: Vertex not in group
Error: Vertex not in group
Error: Vertex not in group
Error: Vertex not in group
Error: Vertex not in group
Error: Vertex not in group
Error: Vertex not in group
Error: Vertex not in group
Error: Vertex not in group
Error: Vertex not in group
Error: Vertex not in group
Error: Vertex not in group
Error: Vertex not in group
Error: Vertex not in group
Error: Vertex not in group
Error: Vertex not in group
Error: Vertex not in group
Error: Vertex not in group
Error: Vertex not in group
Error: Vertex not in group
Error: Vertex not in group
Error: Vertex not in group
Error: Vertex not in group
Error: Vertex not in group
Error: Vertex not in group
Error: Vertex not in group
Error: Vertex not in group
Error: Vertex not in group
Error: Vertex not in group
Error: Vertex not in group
Error: Vertex not in group
Error: Vertex not in group
Error: Vertex not in group
Error: Vertex not in group
Error: Vertex not in group
Error: Vertex not in group
Error: Vertex not in group
Error: Vertex not in group
Error: Vertex not in group
Error: Vertex not in group
Error: Vertex not in group
Error: Vertex not in group
Error: Vertex not in group
Error: Vertex not in group
Error: Vertex not in group
Error: Vertex not in group
Error: Vertex not in group
Error: Vertex not in group
Error: Vertex not in group
Error: Vertex not in group
Error: Vertex not in group
Error: Vertex not in group
Error: Vertex not in group
Error: Vertex not in group
Error: Vertex not in group
Error: Vertex not in group
Error: Vertex not in group
Error: Vertex not in group
Error: Vertex not in group
Error: Vertex not in group
Error: Vertex not in group
Error: Vertex not in group
Error: Vertex not in group
Error: Vertex not in group
Error: Vertex not in group
Error: Vertex not in group
Error: Vertex not in group
Error: Vertex not in group
Error: Vertex not in group
Error: Vertex not in group
Error: Vertex not in group
Error: Vertex not in group
Error: Vertex not in group
Error: Vertex not in group
Error: Vertex not in group
Error: Vertex not in group
Error: Vertex not in group
Error: Vertex not in group
Error: Vertex not in group
Error: Vertex not in group
Error: Vertex not in group
Error: Vertex not in group
Error: Vertex not in group
Error: Vertex not in group
Error: Vertex not in group
Error: Vertex not in group
Error: Vertex not in group
Error: Vertex not in group
Error: Vertex not in group
Error: Vertex not in group
Error: Vertex not in group
Error: Vertex not in group
Error: Vertex not in group
Error: Vertex not in group
Error: Vertex not in group
Error: Vertex not in group
Error: Vertex not in group
Error: Vertex not in group
Error: Vertex not in group
Error: Vertex not in group
Error: Vertex not in group
Error: Vertex not in group
Error: Vertex not in group
Error: Vertex not in group
Error: Vertex not in group
Error: Vertex not in group
Error: Vertex not in group
Error: Vertex not in group
Error: Vertex not in group
Error: Vertex not in group
Error: Vertex not in group
Error: Vertex not in group
Error: Vertex not in group
Error: Vertex not in group
Error: Vertex not in group
Error: Vertex not in group
Error: Vertex not in group
Error: Vertex not in group
Error: Vertex not in group
Error: Vertex not in group
Error: Vertex not in group
Error: Vertex not in group
Error: Vertex not in group
Error: Vertex not in group
Error: Vertex not in group
Error: Vertex not in group
Error: Vertex not in group
Error: Vertex not in group
Error: Vertex not in group
Error: Vertex not in group
Error: Vertex not in group
Error: Vertex not in group
Error: Vertex not in group
Error: Vertex not in group
Error: Vertex not in group
Error: Vertex not in group
Error: Vertex not in group
Error: Vertex not in group
Error: Vertex not in group
Error: Vertex not in group
Error: Vertex not in group
Error: Vertex not in group
Error: Vertex not in group
Error: Vertex not in group
Error: Vertex not in group
Error: Vertex not in group
Error: Vertex not in group
Error: Vertex not in group
Error: Vertex not in group
Error: Vertex not in group
Error: Vertex not in group
Error: Vertex not in group
Error: Vertex not in group
Error: Vertex not in group
Error: Vertex not in group
Error: Vertex not in group
Error: Vertex not in group
Error: Vertex not in group
Error: Vertex not in group
Error: Vertex not in group
Error: Vertex not in group
Error: Vertex not in group
Error: Vertex not in group
Error: Vertex not in group
Error: Vertex not in group
Error: Vertex not in group
Error: Vertex not in group
Error: Vertex not in group
Error: Vertex not in group
Error: Vertex not in group
Error: Vertex not in group
Error: Vertex not in group
Error: Vertex not in group
Error: Vertex not in group
Error: Vertex not in group
Error: Vertex not in group
Error: Vertex not in group
Error: Vertex not in group
Error: Vertex not in group
Error: Vertex not in group
Error: Vertex not in group
Error: Vertex not in group
Error: Vertex not in group
Error: Vertex not in group
Error: Vertex not in group
Error: Vertex not in group
Error: Vertex not in group
Error: Vertex not in group
Error: Vertex not in group
Error: Vertex not in group
Error: Vertex not in group
Error: Vertex not in group
Error: Vertex not in group
Error: Vertex not in group
Error: Vertex not in group
Error: Vertex not in group
Error: Vertex not in group
Error: Vertex not in group
Error: Vertex not in group
Error: Vertex not in group
Error: Vertex not in group
Error: Vertex not in group
Error: Vertex not in group
Error: Vertex not in group
Error: Vertex not in group
Error: Vertex not in group
Error: Vertex not in group
Error: Vertex not in group
Error: Vertex not in group
Error: Vertex not in group
Error: Vertex not in group
Error: Vertex not in group
Error: Vertex not in group
Error: Vertex not in group
Error: Vertex not in group
Error: Vertex not in group
Error: Vertex not in group
Error: Vertex not in group
Error: Vertex not in group
Error: Vertex not in group
Error: Vertex not in group
Error: Vertex not in group
Error: Vertex not in group
Error: Vertex not in group
Error: Vertex not in group
Error: Vertex not in group
Error: Vertex not in group
Error: Vertex not in group
Error: Vertex not in group
Error: Vertex not in group
Error: Vertex not in group
Error: Vertex not in group
Error: Vertex not in group
Error: Vertex not in group
Error: Vertex not in group
Error: Vertex not in group
Error: Vertex not in group
Error: Vertex not in group
Error: Vertex not in group
Error: Vertex not in group
Error: Vertex not in group
Error: Vertex not in group
Error: Vertex not in group
Error: Vertex not in group
Error: Vertex not in group
Error: Vertex not in group
Error: Vertex not in group
Error: Vertex not in group
Error: Vertex not in group
Error: Vertex not in group
Error: Vertex not in group
Error: Vertex not in group
Error: Vertex not in group
Error: Vertex not in group
Error: Vertex not in group
Error: Vertex not in group
Error: Vertex not in group
Error: Vertex not in group
Error: Vertex not in group
Error: Vertex not in group
Error: Vertex not in group
Error: Vertex not in group
Error: Vertex not in group
Error: Vertex not in group
Error: Vertex not in group
Error: Vertex not in group
Error: Vertex not in group
Error: Vertex not in group
Error: Vertex not in group
Error: Vertex not in group
Error: Vertex not in group
Error: Vertex not in group
Error: Vertex not in group
Error: Vertex not in group
Error: Vertex not in group
Error: Vertex not in group
Error: Vertex not in group
Error: Vertex not in group
Error: Vertex not in group
Error: Vertex not in group
Error: Vertex not in group
Error: Vertex not in group
Error: Vertex not in group
Error: Vertex not in group
Error: Vertex not in group
Error: Vertex not in group
Error: Vertex not in group
Error: Vertex not in group
Error: Vertex not in group
Error: Vertex not in group
Error: Vertex not in group
Error: Vertex not in group
Error: Vertex not in group
Error: Vertex not in group
Error: Vertex not in group
Error: Vertex not in group
Error: Vertex not in group
Error: Vertex not in group
Error: Vertex not in group
Error: Vertex not in group
Error: Vertex not in group
Error: Vertex not in group
Error: Vertex not in group
Error: Vertex not in group
Error: Vertex not in group
Error: Vertex not in group
Error: Vertex not in group
Error: Vertex not in group
Error: Vertex not in group
Error: Vertex not in group
Error: Vertex not in group
Error: Vertex not in group
Error: Vertex not in group
Error: Vertex not in group
Error: Vertex not in group
Error: Vertex not in group
Error: Vertex not in group
Error: Vertex not in group
Error: Vertex not in group
Error: Vertex not in group
Error: Vertex not in group
Error: Vertex not in group
Error: Vertex not in group
Error: Vertex not in group
Error: Vertex not in group
Error: Vertex not in group
Error: Vertex not in group
Error: Vertex not in group
Error: Vertex not in group
Error: Vertex not in group
Error: Vertex not in group
Error: Vertex not in group
Error: Vertex not in group
Error: Vertex not in group
Error: Vertex not in group
Error: Vertex not in group
Error: Vertex not in group
Error: Vertex not in group
Error: Vertex not in group
Error: Vertex not in group
Error: Vertex not in group
Error: Vertex not in group
Error: Vertex not in group
Error: Vertex not in group
Error: Vertex not in group
Error: Vertex not in group
Error: Vertex not in group
Error: Vertex not in group
Error: Vertex not in group
Error: Vertex not in group
Error: Vertex not in group
Error: Vertex not in group
Error: Vertex not in group
Error: Vertex not in group
Error: Vertex not in group
Error: Vertex not in group
Error: Vertex not in group
Error: Vertex not in group
Error: Vertex not in group
Error: Vertex not in group
Error: Vertex not in group
Error: Vertex not in group
Error: Vertex not in group
Error: Vertex not in group
Error: Vertex not in group
Error: Vertex not in group
Error: Vertex not in group
Error: Vertex not in group
Error: Vertex not in group
Error: Vertex not in group
Error: Vertex not in group
Error: Vertex not in group
Error: Vertex not in group
Error: Vertex not in group
Error: Vertex not in group
Error: Vertex not in group
Error: Vertex not in group
Error: Vertex not in group
Error: Vertex not in group
Error: Vertex not in group
Error: Vertex not in group
Error: Vertex not in group
Error: Vertex not in group
Error: Vertex not in group
Error: Vertex not in group
Error: Vertex not in group
Error: Vertex not in group
Error: Vertex not in group
Error: Vertex not in group
Error: Vertex not in group
Error: Vertex not in group
Error: Vertex not in group
Error: Vertex not in group
Error: Vertex not in group
Error: Vertex not in group
Error: Vertex not in group
Error: Vertex not in group
Error: Vertex not in group
Error: Vertex not in group
Error: Vertex not in group
Error: Vertex not in group
Error: Vertex not in group
Error: Vertex not in group
Error: Vertex not in group
Error: Vertex not in group
Error: Vertex not in group
Error: Vertex not in group
Error: Vertex not in group
Error: Vertex not in group
Error: Vertex not in group
Error: Vertex not in group
Error: Vertex not in group
Error: Vertex not in group
Error: Vertex not in group
Error: Vertex not in group
Error: Vertex not in group
Error: Vertex not in group
Error: Vertex not in group
Error: Vertex not in group
Error: Vertex not in group
Error: Vertex not in group
Error: Vertex not in group
Error: Vertex not in group
Error: Vertex not in group
Error: Vertex not in group
Error: Vertex not in group
Error: Vertex not in group
Error: Vertex not in group
Error: Vertex not in group
Error: Vertex not in group
Error: Vertex not in group
Error: Vertex not in group
Error: Vertex not in group
Error: Vertex not in group
Error: Vertex not in group
Error: Vertex not in group
Error: Vertex not in group
Error: Vertex not in group
Error: Vertex not in group
Error: Vertex not in group
Error: Vertex not in group
Error: Vertex not in group
Error: Vertex not in group
Error: Vertex not in group
Error: Vertex not in group
Error: Vertex not in group
Error: Vertex not in group
Error: Vertex not in group
Error: Vertex not in group
Error: Vertex not in group
Error: Vertex not in group
Error: Vertex not in group
Error: Vertex not in group
Error: Vertex not in group
Error: Vertex not in group
Error: Vertex not in group
Error: Vertex not in group
Error: Vertex not in group
Error: Vertex not in group
Error: Vertex not in group
Error: Vertex not in group
Error: Vertex not in group
Error: Vertex not in group
Error: Vertex not in group
Error: Vertex not in group
Error: Vertex not in group
Error: Vertex not in group
Error: Vertex not in group
Error: Vertex not in group
Error: Vertex not in group
Error: Vertex not in group
Error: Vertex not in group
Error: Vertex not in group
Error: Vertex not in group
Error: Vertex not in group
Error: Vertex not in group
Error: Vertex not in group
Error: Vertex not in group
Error: Vertex not in group
Error: Vertex not in group
Error: Vertex not in group
Error: Vertex not in group
Error: Vertex not in group
Error: Vertex not in group
Error: Vertex not in group
Error: Vertex not in group
Error: Vertex not in group
Error: Vertex not in group
Error: Vertex not in group
Error: Vertex not in group
Error: Vertex not in group
Error: Vertex not in group
Error: Vertex not in group
Error: Vertex not in group
Error: Vertex not in group
Error: Vertex not in group
Error: Vertex not in group
Error: Vertex not in group
Error: Vertex not in group
Error: Vertex not in group
Error: Vertex not in group
Error: Vertex not in group
Error: Vertex not in group
Error: Vertex not in group
Error: Vertex not in group
Error: Vertex not in group
Error: Vertex not in group
Error: Vertex not in group
Error: Vertex not in group
Error: Vertex not in group
Error: Vertex not in group
Error: Vertex not in group
Error: Vertex not in group
Error: Vertex not in group
Error: Vertex not in group
Error: Vertex not in group
Error: Vertex not in group
Error: Vertex not in group
Error: Vertex not in group
Error: Vertex not in group
Error: Vertex not in group
Error: Vertex not in group
Error: Vertex not in group
Error: Vertex not in group
Error: Vertex not in group
Error: Vertex not in group
Error: Vertex not in group
Error: Vertex not in group
Error: Vertex not in group
Error: Vertex not in group
Error: Vertex not in group
Error: Vertex not in group
Error: Vertex not in group
Error: Vertex not in group
Error: Vertex not in group
Error: Vertex not in group
Error: Vertex not in group
Error: Vertex not in group
Error: Vertex not in group
Error: Vertex not in group
Error: Vertex not in group
Error: Vertex not in group
Error: Vertex not in group
Error: Vertex not in group
Error: Vertex not in group
Error: Vertex not in group
Error: Vertex not in group
Error: Vertex not in group
Error: Vertex not in group
Error: Vertex not in group
Error: Vertex not in group
Error: Vertex not in group
Error: Vertex not in group
Error: Vertex not in group
Error: Vertex not in group
Error: Vertex not in group
Error: Vertex not in group
Error: Vertex not in group
Error: Vertex not in group
Error: Vertex not in group
Error: Vertex not in group
Error: Vertex not in group
Error: Vertex not in group
Error: Vertex not in group
Error: Vertex not in group
Error: Vertex not in group
Error: Vertex not in group
Error: Vertex not in group
Error: Vertex not in group
Error: Vertex not in group
Error: Vertex not in group
Error: Vertex not in group
Error: Vertex not in group
Error: Vertex not in group
Error: Vertex not in group
Error: Vertex not in group
Error: Vertex not in group
Error: Vertex not in group
Error: Vertex not in group
Error: Vertex not in group
Error: Vertex not in group
Error: Vertex not in group
Error: Vertex not in group
Error: Vertex not in group
Error: Vertex not in group
Error: Vertex not in group
Error: Vertex not in group
Error: Vertex not in group
Error: Vertex not in group
Error: Vertex not in group
Error: Vertex not in group
Error: Vertex not in group
Error: Vertex not in group
Error: Vertex not in group
Error: Vertex not in group
Error: Vertex not in group
Error: Vertex not in group
Error: Vertex not in group
Error: Vertex not in group
Error: Vertex not in group
Error: Vertex not in group
Error: Vertex not in group
Error: Vertex not in group
Error: Vertex not in group
Error: Vertex not in group
Error: Vertex not in group
Error: Vertex not in group
Error: Vertex not in group
Error: Vertex not in group
Error: Vertex not in group
Error: Vertex not in group
Error: Vertex not in group
Error: Vertex not in group
Error: Vertex not in group
Error: Vertex not in group
Error: Vertex not in group
Error: Vertex not in group
Error: Vertex not in group
Error: Vertex not in group
Error: Vertex not in group
Error: Vertex not in group
Error: Vertex not in group
Error: Vertex not in group
Error: Vertex not in group
Error: Vertex not in group
Error: Vertex not in group
Error: Vertex not in group
Error: Vertex not in group
Error: Vertex not in group
Error: Vertex not in group
Error: Vertex not in group
Error: Vertex not in group
Error: Vertex not in group
Error: Vertex not in group
Error: Vertex not in group
Error: Vertex not in group
Error: Vertex not in group
Error: Vertex not in group
Error: Vertex not in group
Error: Vertex not in group
Error: Vertex not in group
Error: Vertex not in group
Error: Vertex not in group
Error: Vertex not in group
Error: Vertex not in group
Error: Vertex not in group
Error: Vertex not in group
Error: Vertex not in group
Error: Vertex not in group
Error: Vertex not in group
Error: Vertex not in group
Error: Vertex not in group
Error: Vertex not in group
Error: Vertex not in group
Error: Vertex not in group
Error: Vertex not in group
Error: Vertex not in group
Error: Vertex not in group
Error: Vertex not in group
Error: Vertex not in group
Error: Vertex not in group
Error: Vertex not in group
Error: Vertex not in group
Error: Vertex not in group
Error: Vertex not in group
Error: Vertex not in group
Error: Vertex not in group
Error: Vertex not in group
Error: Vertex not in group
Error: Vertex not in group
Error: Vertex not in group
Error: Vertex not in group
Error: Vertex not in group
Error: Vertex not in group
Error: Vertex not in group
Error: Vertex not in group
Error: Vertex not in group
Error: Vertex not in group
Error: Vertex not in group
Error: Vertex not in group
Error: Vertex not in group
Error: Vertex not in group
Error: Vertex not in group
Error: Vertex not in group
Error: Vertex not in group
Error: Vertex not in group
Error: Vertex not in group
Error: Vertex not in group
Error: Vertex not in group
Error: Vertex not in group
Error: Vertex not in group
Error: Vertex not in group
Error: Vertex not in group
Error: Vertex not in group
Error: Vertex not in group
Error: Vertex not in group
Error: Vertex not in group
Error: Vertex not in group
Error: Vertex not in group
Error: Vertex not in group
Error: Vertex not in group
Error: Vertex not in group
Error: Vertex not in group
Error: Vertex not in group
Error: Vertex not in group
Error: Vertex not in group
Error: Vertex not in group
Error: Vertex not in group
Error: Vertex not in group
Error: Vertex not in group
Error: Vertex not in group
Error: Vertex not in group
Error: Vertex not in group
Error: Vertex not in group
Error: Vertex not in group
Error: Vertex not in group
Error: Vertex not in group
Error: Vertex not in group
Error: Vertex not in group
Error: Vertex not in group
Error: Vertex not in group
Error: Vertex not in group
Error: Vertex not in group
Error: Vertex not in group
Error: Vertex not in group
Error: Vertex not in group
Error: Vertex not in group
Error: Vertex not in group
Error: Vertex not in group
Error: Vertex not in group
Error: Vertex not in group
Error: Vertex not in group
Error: Vertex not in group
Error: Vertex not in group
Error: Vertex not in group
Error: Vertex not in group
Error: Vertex not in group
Error: Vertex not in group
Error: Vertex not in group
Error: Vertex not in group
Error: Vertex not in group
Error: Vertex not in group
Error: Vertex not in group
Error: Vertex not in group
Error: Vertex not in group
Error: Vertex not in group
Error: Vertex not in group
Error: Vertex not in group
Error: Vertex not in group
Error: Vertex not in group
Error: Vertex not in group
Error: Vertex not in group
Error: Vertex not in group
Error: Vertex not in group
Error: Vertex not in group
Error: Vertex not in group
Error: Vertex not in group
Error: Vertex not in group
Error: Vertex not in group
Error: Vertex not in group
Error: Vertex not in group
Error: Vertex not in group
Error: Vertex not in group
Error: Vertex not in group
Error: Vertex not in group
Error: Vertex not in group
Error: Vertex not in group
Error: Vertex not in group
Error: Vertex not in group
Error: Vertex not in group
Error: Vertex not in group
Error: Vertex not in group
Error: Vertex not in group
Error: Vertex not in group
Error: Vertex not in group
Error: Vertex not in group
Error: Vertex not in group
Error: Vertex not in group
Error: Vertex not in group
Error: Vertex not in group
Error: Vertex not in group
Error: Vertex not in group
Error: Vertex not in group
Error: Vertex not in group
Error: Vertex not in group
Error: Vertex not in group
Error: Vertex not in group
Error: Vertex not in group
Error: Vertex not in group
Error: Vertex not in group
Error: Vertex not in group
Error: Vertex not in group
Error: Vertex not in group
Error: Vertex not in group
Error: Vertex not in group
Error: Vertex not in group
Error: Vertex not in group
Error: Vertex not in group
Error: Vertex not in group
Error: Vertex not in group
Error: Vertex not in group
Error: Vertex not in group
Error: Vertex not in group
Error: Vertex not in group
Error: Vertex not in group
Error: Vertex not in group
Error: Vertex not in group
Error: Vertex not in group
Error: Vertex not in group
Error: Vertex not in group
Error: Vertex not in group
Error: Vertex not in group
Error: Vertex not in group
Error: Vertex not in group
Error: Vertex not in group
Error: Vertex not in group
Error: Vertex not in group
Error: Vertex not in group
Error: Vertex not in group
Error: Vertex not in group
Error: Vertex not in group
Error: Vertex not in group
Error: Vertex not in group
Error: Vertex not in group
Error: Vertex not in group
Error: Vertex not in group
Error: Vertex not in group
Error: Vertex not in group
Error: Vertex not in group
Error: Vertex not in group
Error: Vertex not in group
Error: Vertex not in group
Error: Vertex not in group
Error: Vertex not in group
Error: Vertex not in group
Error: Vertex not in group
Error: Vertex not in group
Error: Vertex not in group
Error: Vertex not in group
Error: Vertex not in group
Error: Vertex not in group
Error: Vertex not in group
Error: Vertex not in group
Error: Vertex not in group
Error: Vertex not in group
Error: Vertex not in group
Error: Vertex not in group
Error: Vertex not in group
Error: Vertex not in group
Error: Vertex not in group
Error: Vertex not in group
Error: Vertex not in group
Error: Vertex not in group
Error: Vertex not in group
Error: Vertex not in group
Error: Vertex not in group
Error: Vertex not in group
Error: Vertex not in group
Error: Vertex not in group
Error: Vertex not in group
Error: Vertex not in group
Error: Vertex not in group
Error: Vertex not in group
Error: Vertex not in group
Error: Vertex not in group
Error: Vertex not in group
Error: Vertex not in group
Error: Vertex not in group
Error: Vertex not in group
Error: Vertex not in group
Error: Vertex not in group
Error: Vertex not in group
Error: Vertex not in group
Error: Vertex not in group
Error: Vertex not in group
Error: Vertex not in group
Error: Vertex not in group
Error: Vertex not in group
Error: Vertex not in group
Error: Vertex not in group
Error: Vertex not in group
Error: Vertex not in group
Error: Vertex not in group
Error: Vertex not in group
Error: Vertex not in group
Error: Vertex not in group
Error: Vertex not in group
Error: Vertex not in group
Error: Vertex not in group
Error: Vertex not in group
Error: Vertex not in group
Error: Vertex not in group
Error: Vertex not in group
Error: Vertex not in group
Error: Vertex not in group
Error: Vertex not in group
Error: Vertex not in group
Error: Vertex not in group
Error: Vertex not in group
Error: Vertex not in group
Error: Vertex not in group
Error: Vertex not in group
Error: Vertex not in group
Error: Vertex not in group
Error: Vertex not in group
Error: Vertex not in group
Error: Vertex not in group
Error: Vertex not in group
Error: Vertex not in group
Error: Vertex not in group
Error: Vertex not in group
Error: Vertex not in group
Error: Vertex not in group
Error: Vertex not in group
Error: Vertex not in group
Error: Vertex not in group
Error: Vertex not in group
Error: Vertex not in group
Error: Vertex not in group
Error: Vertex not in group
Error: Vertex not in group
Error: Vertex not in group
Error: Vertex not in group
Error: Vertex not in group
Error: Vertex not in group
Error: Vertex not in group
Error: Vertex not in group
Error: Vertex not in group
Error: Vertex not in group
Error: Vertex not in group
Error: Vertex not in group
Error: Vertex not in group
Error: Vertex not in group
Error: Vertex not in group
Error: Vertex not in group
Error: Vertex not in group
Error: Vertex not in group
Error: Vertex not in group
Error: Vertex not in group
Error: Vertex not in group
Error: Vertex not in group
Error: Vertex not in group
Error: Vertex not in group
Error: Vertex not in group
Error: Vertex not in group
Error: Vertex not in group
Error: Vertex not in group
Error: Vertex not in group
Error: Vertex not in group
Error: Vertex not in group
Error: Vertex not in group
Error: Vertex not in group
Error: Vertex not in group
Error: Vertex not in group
Error: Vertex not in group
Error: Vertex not in group
Error: Vertex not in group
Error: Vertex not in group
Error: Vertex not in group
Error: Vertex not in group
Error: Vertex not in group
Error: Vertex not in group
Error: Vertex not in group
Error: Vertex not in group
Error: Vertex not in group
Error: Vertex not in group
Error: Vertex not in group
Error: Vertex not in group
Error: Vertex not in group
Error: Vertex not in group
Error: Vertex not in group
Error: Vertex not in group
Error: Vertex not in group
Error: Vertex not in group
Error: Vertex not in group
Error: Vertex not in group
Error: Vertex not in group
Error: Vertex not in group
Error: Vertex not in group
Error: Vertex not in group
Error: Vertex not in group
Error: Vertex not in group
Error: Vertex not in group
Error: Vertex not in group
Error: Vertex not in group
Error: Vertex not in group
Error: Vertex not in group
Error: Vertex not in group
Error: Vertex not in group
Error: Vertex not in group
Error: Vertex not in group
Error: Vertex not in group
Error: Vertex not in group
Error: Vertex not in group
Error: Vertex not in group
Error: Vertex not in group
Error: Vertex not in group
Error: Vertex not in group
Error: Vertex not in group
Error: Vertex not in group
Error: Vertex not in group
Error: Vertex not in group
Error: Vertex not in group
Error: Vertex not in group
Error: Vertex not in group
Error: Vertex not in group
Error: Vertex not in group
Error: Vertex not in group
Error: Vertex not in group
Error: Vertex not in group
Error: Vertex not in group
Error: Vertex not in group
Error: Vertex not in group
Error: Vertex not in group
Error: Vertex not in group
Error: Vertex not in group
Error: Vertex not in group
Error: Vertex not in group
Error: Vertex not in group
Error: Vertex not in group
Error: Vertex not in group
Error: Vertex not in group
Error: Vertex not in group
Error: Vertex not in group
Error: Vertex not in group
Error: Vertex not in group
Error: Vertex not in group
Error: Vertex not in group
Error: Vertex not in group
Error: Vertex not in group
Error: Vertex not in group
Error: Vertex not in group
Error: Vertex not in group
Error: Vertex not in group
Error: Vertex not in group
Error: Vertex not in group
Error: Vertex not in group
Error: Vertex not in group
Error: Vertex not in group
Error: Vertex not in group
Error: Vertex not in group
Error: Vertex not in group
Error: Vertex not in group
Error: Vertex not in group
Error: Vertex not in group
Error: Vertex not in group
Error: Vertex not in group
Error: Vertex not in group
Error: Vertex not in group
Error: Vertex not in group
Error: Vertex not in group
Error: Vertex not in group
Error: Vertex not in group
Error: Vertex not in group
Error: Vertex not in group
Error: Vertex not in group
Error: Vertex not in group
Error: Vertex not in group
Error: Vertex not in group
Error: Vertex not in group
Error: Vertex not in group
Error: Vertex not in group
Error: Vertex not in group
Error: Vertex not in group
Error: Vertex not in group
Error: Vertex not in group
Error: Vertex not in group
Error: Vertex not in group
Error: Vertex not in group
Error: Vertex not in group
Error: Vertex not in group
Error: Vertex not in group
Error: Vertex not in group
Error: Vertex not in group
Error: Vertex not in group
Error: Vertex not in group
Error: Vertex not in group
Error: Vertex not in group
Error: Vertex not in group
Error: Vertex not in group
Error: Vertex not in group
Error: Vertex not in group
Error: Vertex not in group
Error: Vertex not in group
Error: Vertex not in group
Error: Vertex not in group
Error: Vertex not in group
Error: Vertex not in group
Error: Vertex not in group
Error: Vertex not in group
Error: Vertex not in group
Error: Vertex not in group
Error: Vertex not in group
Error: Vertex not in group
Error: Vertex not in group
Error: Vertex not in group
Error: Vertex not in group
Error: Vertex not in group
Error: Vertex not in group
Error: Vertex not in group
Error: Vertex not in group
Error: Vertex not in group
Error: Vertex not in group
Error: Vertex not in group
Error: Vertex not in group
Error: Vertex not in group
Error: Vertex not in group
Error: Vertex not in group
Error: Vertex not in group
Error: Vertex not in group
Error: Vertex not in group
Error: Vertex not in group
Error: Vertex not in group
Error: Vertex not in group
Error: Vertex not in group
Error: Vertex not in group
Error: Vertex not in group
Error: Vertex not in group
Error: Vertex not in group
Error: Vertex not in group
Error: Vertex not in group
Error: Vertex not in group
Error: Vertex not in group
Error: Vertex not in group
Error: Vertex not in group
Error: Vertex not in group
Error: Vertex not in group
Error: Vertex not in group
Error: Vertex not in group
Error: Vertex not in group
Error: Vertex not in group
Error: Vertex not in group
Error: Vertex not in group
Error: Vertex not in group
Error: Vertex not in group
Error: Vertex not in group
Error: Vertex not in group
Error: Vertex not in group
Error: Vertex not in group
Error: Vertex not in group
Error: Vertex not in group
Error: Vertex not in group
Error: Vertex not in group
Error: Vertex not in group
Error: Vertex not in group
Error: Vertex not in group
Error: Vertex not in group
Error: Vertex not in group
Error: Vertex not in group
Error: Vertex not in group
Error: Vertex not in group
Error: Vertex not in group
Error: Vertex not in group
Error: Vertex not in group
Error: Vertex not in group
Error: Vertex not in group
Error: Vertex not in group
Error: Vertex not in group
Error: Vertex not in group
Error: Vertex not in group
Error: Vertex not in group
Error: Vertex not in group
Error: Vertex not in group
Error: Vertex not in group
Error: Vertex not in group
Error: Vertex not in group
Error: Vertex not in group
Error: Vertex not in group
Error: Vertex not in group
Error: Vertex not in group
Error: Vertex not in group
Error: Vertex not in group
Error: Vertex not in group
Error: Vertex not in group
Error: Vertex not in group
Error: Vertex not in group
Error: Vertex not in group
Error: Vertex not in group
Error: Vertex not in group
Error: Vertex not in group
Error: Vertex not in group
Error: Vertex not in group
Error: Vertex not in group
Error: Vertex not in group
Error: Vertex not in group
Error: Vertex not in group
Error: Vertex not in group
Error: Vertex not in group
Error: Vertex not in group
Error: Vertex not in group
Error: Vertex not in group
Error: Vertex not in group
Error: Vertex not in group
Error: Vertex not in group
Error: Vertex not in group
Error: Vertex not in group
Error: Vertex not in group
Error: Vertex not in group
Error: Vertex not in group
Error: Vertex not in group
Error: Vertex not in group
Error: Vertex not in group
Error: Vertex not in group
Error: Vertex not in group
Error: Vertex not in group
Error: Vertex not in group
Error: Vertex not in group
Error: Vertex not in group
Error: Vertex not in group
Error: Vertex not in group
Error: Vertex not in group
Error: Vertex not in group
Error: Vertex not in group
Error: Vertex not in group
Error: Vertex not in group
Error: Vertex not in group
Error: Vertex not in group
Error: Vertex not in group
Error: Vertex not in group
Error: Vertex not in group
Error: Vertex not in group
Error: Vertex not in group
Error: Vertex not in group
Error: Vertex not in group
Error: Vertex not in group
Error: Vertex not in group
Error: Vertex not in group
Error: Vertex not in group
Error: Vertex not in group
Error: Vertex not in group
Error: Vertex not in group
Error: Vertex not in group
Error: Vertex not in group
Error: Vertex not in group
Error: Vertex not in group
Error: Vertex not in group
Error: Vertex not in group
Error: Vertex not in group
Error: Vertex not in group
Error: Vertex not in group
Error: Vertex not in group
Error: Vertex not in group
Error: Vertex not in group
Error: Vertex not in group
Error: Vertex not in group
Error: Vertex not in group
Error: Vertex not in group
Error: Vertex not in group
Error: Vertex not in group
Error: Vertex not in group
Error: Vertex not in group
Error: Vertex not in group
Error: Vertex not in group
Error: Vertex not in group
Error: Vertex not in group
Error: Vertex not in group
Error: Vertex not in group
Error: Vertex not in group
Error: Vertex not in group
Error: Vertex not in group
Error: Vertex not in group
Error: Vertex not in group
Error: Vertex not in group
Error: Vertex not in group
Error: Vertex not in group
Error: Vertex not in group
Error: Vertex not in group
Error: Vertex not in group
Error: Vertex not in group
Error: Vertex not in group
Error: Vertex not in group
Error: Vertex not in group
Error: Vertex not in group
Error: Vertex not in group
Error: Vertex not in group
Error: Vertex not in group
Error: Vertex not in group
Error: Vertex not in group
Error: Vertex not in group
Error: Vertex not in group
Error: Vertex not in group
Error: Vertex not in group
Error: Vertex not in group
Error: Vertex not in group
Error: Vertex not in group
Error: Vertex not in group
Error: Vertex not in group
Error: Vertex not in group
Error: Vertex not in group
Error: Vertex not in group
Error: Vertex not in group
Error: Vertex not in group
Error: Vertex not in group
Error: Vertex not in group
Error: Vertex not in group
Error: Vertex not in group
Error: Vertex not in group
Error: Vertex not in group
Error: Vertex not in group
Error: Vertex not in group
Error: Vertex not in group
Error: Vertex not in group
Error: Vertex not in group
Error: Vertex not in group
Error: Vertex not in group
Error: Vertex not in group
Error: Vertex not in group
Error: Vertex not in group
Error: Vertex not in group
Error: Vertex not in group
Error: Vertex not in group
Error: Vertex not in group
Error: Vertex not in group
Error: Vertex not in group
Error: Vertex not in group
Error: Vertex not in group
Error: Vertex not in group
Error: Vertex not in group
Error: Vertex not in group
Error: Vertex not in group
Error: Vertex not in group
Error: Vertex not in group
Error: Vertex not in group
Error: Vertex not in group
Error: Vertex not in group
Error: Vertex not in group
Error: Vertex not in group
Error: Vertex not in group
Error: Vertex not in group
Error: Vertex not in group
Error: Vertex not in group
Error: Vertex not in group
Error: Vertex not in group
Error: Vertex not in group
Error: Vertex not in group
Error: Vertex not in group
Error: Vertex not in group
Error: Vertex not in group
Error: Vertex not in group
Error: Vertex not in group
Error: Vertex not in group
Error: Vertex not in group
Error: Vertex not in group
Error: Vertex not in group
Error: Vertex not in group
Error: Vertex not in group
Error: Vertex not in group
Error: Vertex not in group
Error: Vertex not in group
Error: Vertex not in group
Error: Vertex not in group
Error: Vertex not in group
Error: Vertex not in group
Error: Vertex not in group
Error: Vertex not in group
Error: Vertex not in group
Error: Vertex not in group
Error: Vertex not in group
Error: Vertex not in group
Error: Vertex not in group
Error: Vertex not in group
Error: Vertex not in group
Error: Vertex not in group
Error: Vertex not in group
Error: Vertex not in group
Error: Vertex not in group
Error: Vertex not in group
Error: Vertex not in group
Error: Vertex not in group
Error: Vertex not in group
Error: Vertex not in group
Error: Vertex not in group
Error: Vertex not in group
Error: Vertex not in group
Error: Vertex not in group
Error: Vertex not in group
Error: Vertex not in group
Error: Vertex not in group
Error: Vertex not in group
Error: Vertex not in group
Error: Vertex not in group
Error: Vertex not in group
Error: Vertex not in group
Error: Vertex not in group
Error: Vertex not in group
Error: Vertex not in group
Error: Vertex not in group
Error: Vertex not in group
Error: Vertex not in group
Error: Vertex not in group
Error: Vertex not in group
Error: Vertex not in group
Error: Vertex not in group
Error: Vertex not in group
Error: Vertex not in group
Error: Vertex not in group
Error: Vertex not in group
Error: Vertex not in group
Error: Vertex not in group
Error: Vertex not in group
Error: Vertex not in group
Error: Vertex not in group
Error: Vertex not in group
Error: Vertex not in group
Error: Vertex not in group
Error: Vertex not in group
Error: Vertex not in group
Error: Vertex not in group
Error: Vertex not in group
Error: Vertex not in group
Error: Vertex not in group
Error: Vertex not in group
Error: Vertex not in group
Error: Vertex not in group
Error: Vertex not in group
Error: Vertex not in group
Error: Vertex not in group
Error: Vertex not in group
Error: Vertex not in group
Error: Vertex not in group
Error: Vertex not in group
Error: Vertex not in group
Error: Vertex not in group
Error: Vertex not in group
Error: Vertex not in group
Error: Vertex not in group
Error: Vertex not in group
Error: Vertex not in group
Error: Vertex not in group
Error: Vertex not in group
Error: Vertex not in group
Error: Vertex not in group
Error: Vertex not in group
Error: Vertex not in group
Error: Vertex not in group
Error: Vertex not in group
Error: Vertex not in group
Error: Vertex not in group
Error: Vertex not in group
Error: Vertex not in group
Error: Vertex not in group
Error: Vertex not in group
Error: Vertex not in group
Error: Vertex not in group
Error: Vertex not in group
Error: Vertex not in group
Error: Vertex not in group
Error: Vertex not in group
Error: Vertex not in group
Error: Vertex not in group
Error: Vertex not in group
Error: Vertex not in group
Error: Vertex not in group
Error: Vertex not in group
Error: Vertex not in group
Error: Vertex not in group
Error: Vertex not in group
Error: Vertex not in group
Error: Vertex not in group
Error: Vertex not in group
Error: Vertex not in group
Error: Vertex not in group
Error: Vertex not in group
Error: Vertex not in group
Error: Vertex not in group
Error: Vertex not in group
Error: Vertex not in group
Error: Vertex not in group
Error: Vertex not in group
Error: Vertex not in group
Error: Vertex not in group
Error: Vertex not in group
Error: Vertex not in group
Error: Vertex not in group
Error: Vertex not in group
Error: Vertex not in group
Error: Vertex not in group
Error: Vertex not in group
Error: Vertex not in group
Error: Vertex not in group
Error: Vertex not in group
Error: Vertex not in group
Error: Vertex not in group
Error: Vertex not in group
Error: Vertex not in group
Error: Vertex not in group
Error: Vertex not in group
Error: Vertex not in group
Error: Vertex not in group
Error: Vertex not in group
Error: Vertex not in group
Error: Vertex not in group
Error: Vertex not in group
Error: Vertex not in group
Error: Vertex not in group
Error: Vertex not in group
Error: Vertex not in group
Error: Vertex not in group
Error: Vertex not in group
Error: Vertex not in group
Error: Vertex not in group
Error: Vertex not in group
Error: Vertex not in group
Error: Vertex not in group
Error: Vertex not in group
Error: Vertex not in group
Error: Vertex not in group
Error: Vertex not in group
Error: Vertex not in group
Error: Vertex not in group
Error: Vertex not in group
Error: Vertex not in group
Error: Vertex not in group
Error: Vertex not in group
Error: Vertex not in group
Error: Vertex not in group
Error: Vertex not in group
Error: Vertex not in group
Error: Vertex not in group
Error: Vertex not in group
Error: Vertex not in group
Error: Vertex not in group
Error: Vertex not in group
Error: Vertex not in group
Error: Vertex not in group
Error: Vertex not in group
Error: Vertex not in group
Error: Vertex not in group
Error: Vertex not in group
Error: Vertex not in group
Error: Vertex not in group
Error: Vertex not in group
Error: Vertex not in group
Error: Vertex not in group
Error: Vertex not in group
Error: Vertex not in group
Error: Vertex not in group
Error: Vertex not in group
Error: Vertex not in group
Error: Vertex not in group
Error: Vertex not in group
Error: Vertex not in group
Error: Vertex not in group
Error: Vertex not in group
Error: Vertex not in group
Error: Vertex not in group
Error: Vertex not in group
Error: Vertex not in group
Error: Vertex not in group
Error: Vertex not in group
Error: Vertex not in group
Error: Vertex not in group
Error: Vertex not in group
Error: Vertex not in group
Error: Vertex not in group
Error: Vertex not in group
Error: Vertex not in group
Error: Vertex not in group
Error: Vertex not in group
Error: Vertex not in group
Error: Vertex not in group
Error: Vertex not in group
Error: Vertex not in group
Error: Vertex not in group
Error: Vertex not in group
Error: Vertex not in group
Error: Vertex not in group
Error: Vertex not in group
Error: Vertex not in group
Error: Vertex not in group
Error: Vertex not in group
Error: Vertex not in group
Error: Vertex not in group
Error: Vertex not in group
Error: Vertex not in group
Error: Vertex not in group
Error: Vertex not in group
Error: Vertex not in group
Error: Vertex not in group
Error: Vertex not in group
Error: Vertex not in group
Error: Vertex not in group
Error: Vertex not in group
Error: Vertex not in group
Error: Vertex not in group
Error: Vertex not in group
Error: Vertex not in group
Error: Vertex not in group
Error: Vertex not in group
Error: Vertex not in group
Error: Vertex not in group
Error: Vertex not in group
Error: Vertex not in group
Error: Vertex not in group
Error: Vertex not in group
Error: Vertex not in group
Error: Vertex not in group
Error: Vertex not in group
Error: Vertex not in group
Error: Vertex not in group
Error: Vertex not in group
Error: Vertex not in group
Error: Vertex not in group
Error: Vertex not in group
Error: Vertex not in group
Error: Vertex not in group
Error: Vertex not in group
Error: Vertex not in group
Error: Vertex not in group
Error: Vertex not in group
Error: Vertex not in group
Error: Vertex not in group
Error: Vertex not in group
Error: Vertex not in group
Error: Vertex not in group
Error: Vertex not in group
Error: Vertex not in group
Error: Vertex not in group
Error: Vertex not in group
Error: Vertex not in group
Error: Vertex not in group
Error: Vertex not in group
Error: Vertex not in group
Error: Vertex not in group
Error: Vertex not in group
Error: Vertex not in group
Error: Vertex not in group
Error: Vertex not in group
Error: Vertex not in group
Error: Vertex not in group
Error: Vertex not in group
Error: Vertex not in group
Error: Vertex not in group
Error: Vertex not in group
Error: Vertex not in group
Error: Vertex not in group
Error: Vertex not in group
Error: Vertex not in group
Error: Vertex not in group
Error: Vertex not in group
Error: Vertex not in group
Error: Vertex not in group
Error: Vertex not in group
Error: Vertex not in group
Error: Vertex not in group
Error: Vertex not in group
Error: Vertex not in group
Error: Vertex not in group
Error: Vertex not in group
Error: Vertex not in group
Error: Vertex not in group
Error: Vertex not in group
Error: Vertex not in group
Error: Vertex not in group
Error: Vertex not in group
Error: Vertex not in group
Error: Vertex not in group
Error: Vertex not in group
Error: Vertex not in group
Error: Vertex not in group
Error: Vertex not in group
Error: Vertex not in group
Error: Vertex not in group
Error: Vertex not in group
Error: Vertex not in group
Error: Vertex not in group
Error: Vertex not in group
Error: Vertex not in group
Error: Vertex not in group
Error: Vertex not in group
Error: Vertex not in group
Error: Vertex not in group
Error: Vertex not in group
Error: Vertex not in group
Error: Vertex not in group
Error: Vertex not in group
Error: Vertex not in group
Error: Vertex not in group
Error: Vertex not in group
Error: Vertex not in group
Error: Vertex not in group
Error: Vertex not in group
Error: Vertex not in group
Error: Vertex not in group
Error: Vertex not in group
Error: Vertex not in group
Error: Vertex not in group
Error: Vertex not in group
Error: Vertex not in group
Error: Vertex not in group
Error: Vertex not in group
Error: Vertex not in group
Error: Vertex not in group
Error: Vertex not in group
Error: Vertex not in group
Error: Vertex not in group
Error: Vertex not in group
Error: Vertex not in group
Error: Vertex not in group
Error: Vertex not in group
Error: Vertex not in group
Error: Vertex not in group
Error: Vertex not in group
Error: Vertex not in group
Error: Vertex not in group
Error: Vertex not in group
Error: Vertex not in group
Error: Vertex not in group
Error: Vertex not in group
Error: Vertex not in group
Error: Vertex not in group
Error: Vertex not in group
Error: Vertex not in group
Error: Vertex not in group
Error: Vertex not in group
Error: Vertex not in group
Error: Vertex not in group
Error: Vertex not in group
Error: Vertex not in group
Error: Vertex not in group
Error: Vertex not in group
Error: Vertex not in group
Error: Vertex not in group
Error: Vertex not in group
Error: Vertex not in group
Error: Vertex not in group
Error: Vertex not in group
Error: Vertex not in group
Error: Vertex not in group
Error: Vertex not in group
Error: Vertex not in group
Error: Vertex not in group
Error: Vertex not in group
Error: Vertex not in group
Error: Vertex not in group
Error: Vertex not in group
Error: Vertex not in group
Error: Vertex not in group
Error: Vertex not in group
Error: Vertex not in group
Error: Vertex not in group
Error: Vertex not in group
Error: Vertex not in group
Error: Vertex not in group
Error: Vertex not in group
Error: Vertex not in group
Error: Vertex not in group
Error: Vertex not in group
Error: Vertex not in group
Error: Vertex not in group
Error: Vertex not in group
Error: Vertex not in group
Error: Vertex not in group
Error: Vertex not in group
Error: Vertex not in group
Error: Vertex not in group
Error: Vertex not in group
Error: Vertex not in group
Error: Vertex not in group
Error: Vertex not in group
Error: Vertex not in group
Error: Vertex not in group
Error: Vertex not in group
Error: Vertex not in group
Error: Vertex not in group
Error: Vertex not in group
Error: Vertex not in group
Error: Vertex not in group
Error: Vertex not in group
Error: Vertex not in group
Error: Vertex not in group
Error: Vertex not in group
Error: Vertex not in group
Error: Vertex not in group
Error: Vertex not in group
Error: Vertex not in group
Error: Vertex not in group
Error: Vertex not in group
Error: Vertex not in group
Error: Vertex not in group
Error: Vertex not in group
Error: Vertex not in group
Error: Vertex not in group
Error: Vertex not in group
Error: Vertex not in group
Error: Vertex not in group
Error: Vertex not in group
Error: Vertex not in group
Error: Vertex not in group
Error: Vertex not in group
Error: Vertex not in group
Error: Vertex not in group
Error: Vertex not in group
Error: Vertex not in group
Error: Vertex not in group
Error: Vertex not in group
Error: Vertex not in group
Error: Vertex not in group
Error: Vertex not in group
Error: Vertex not in group
Error: Vertex not in group
Error: Vertex not in group
Error: Vertex not in group
Error: Vertex not in group
Error: Vertex not in group
Error: Vertex not in group
Error: Vertex not in group
Error: Vertex not in group
Error: Vertex not in group
Error: Vertex not in group
Error: Vertex not in group
Error: Vertex not in group
Error: Vertex not in group
Error: Vertex not in group
Error: Vertex not in group
Error: Vertex not in group
Error: Vertex not in group
Error: Vertex not in group
Error: Vertex not in group
Error: Vertex not in group
Error: Vertex not in group
Error: Vertex not in group
Error: Vertex not in group
Error: Vertex not in group
Error: Vertex not in group
Error: Vertex not in group
Error: Vertex not in group
Error: Vertex not in group
Error: Vertex not in group
Error: Vertex not in group
Error: Vertex not in group
Error: Vertex not in group
Error: Vertex not in group
Error: Vertex not in group
Error: Vertex not in group
Error: Vertex not in group
Error: Vertex not in group
Error: Vertex not in group
Error: Vertex not in group
Error: Vertex not in group
Error: Vertex not in group
Error: Vertex not in group
Error: Vertex not in group
Error: Vertex not in group
Error: Vertex not in group
Error: Vertex not in group
Error: Vertex not in group
Error: Vertex not in group
Error: Vertex not in group
Error: Vertex not in group
Error: Vertex not in group
Error: Vertex not in group
Error: Vertex not in group
Error: Vertex not in group
Error: Vertex not in group
Error: Vertex not in group
Error: Vertex not in group
Error: Vertex not in group
Error: Vertex not in group
Error: Vertex not in group
Error: Vertex not in group
Error: Vertex not in group
Error: Vertex not in group
Error: Vertex not in group
Error: Vertex not in group
Error: Vertex not in group
Error: Vertex not in group
Error: Vertex not in group
Error: Vertex not in group
Error: Vertex not in group
Error: Vertex not in group
Error: Vertex not in group
Error: Vertex not in group
Error: Vertex not in group
Error: Vertex not in group
Error: Vertex not in group
Error: Vertex not in group
Error: Vertex not in group
Error: Vertex not in group
Error: Vertex not in group
Error: Vertex not in group
Error: Vertex not in group
Error: Vertex not in group
Error: Vertex not in group
Error: Vertex not in group
Error: Vertex not in group
Error: Vertex not in group
Error: Vertex not in group
Error: Vertex not in group
Error: Vertex not in group
Error: Vertex not in group
Error: Vertex not in group
Error: Vertex not in group
Error: Vertex not in group
Error: Vertex not in group
Error: Vertex not in group
Error: Vertex not in group
Error: Vertex not in group
Error: Vertex not in group
Error: Vertex not in group
Error: Vertex not in group
Error: Vertex not in group
Error: Vertex not in group
Error: Vertex not in group
Error: Vertex not in group
Error: Vertex not in group
Error: Vertex not in group
Error: Vertex not in group
Error: Vertex not in group
Error: Vertex not in group
Error: Vertex not in group
Error: Vertex not in group
Error: Vertex not in group
Error: Vertex not in group
Error: Vertex not in group
Error: Vertex not in group
Error: Vertex not in group
Error: Vertex not in group
Error: Vertex not in group
Error: Vertex not in group
Error: Vertex not in group
Error: Vertex not in group
Error: Vertex not in group
Error: Vertex not in group
Error: Vertex not in group
Error: Vertex not in group
Error: Vertex not in group
Error: Vertex not in group
Error: Vertex not in group
Error: Vertex not in group
Error: Vertex not in group
Error: Vertex not in group
Error: Vertex not in group
Error: Vertex not in group
Error: Vertex not in group
Error: Vertex not in group
Error: Vertex not in group
Error: Vertex not in group
Error: Vertex not in group
Error: Vertex not in group
Error: Vertex not in group
Error: Vertex not in group
Error: Vertex not in group
Error: Vertex not in group
Error: Vertex not in group
Error: Vertex not in group
Error: Vertex not in group
Error: Vertex not in group
Error: Vertex not in group
Error: Vertex not in group
Error: Vertex not in group
Error: Vertex not in group
Error: Vertex not in group
Error: Vertex not in group
Error: Vertex not in group
Error: Vertex not in group
Error: Vertex not in group
Error: Vertex not in group
Error: Vertex not in group
Error: Vertex not in group
Error: Vertex not in group
Error: Vertex not in group
Error: Vertex not in group
Error: Vertex not in group
Error: Vertex not in group
Error: Vertex not in group
Error: Vertex not in group
Error: Vertex not in group
Error: Vertex not in group
Error: Vertex not in group
Error: Vertex not in group
Error: Vertex not in group
Error: Vertex not in group
Error: Vertex not in group
Error: Vertex not in group
Error: Vertex not in group
Error: Vertex not in group
Error: Vertex not in group
Error: Vertex not in group
Error: Vertex not in group
Error: Vertex not in group
Error: Vertex not in group
Error: Vertex not in group
Error: Vertex not in group
Error: Vertex not in group
Error: Vertex not in group
Error: Vertex not in group
Error: Vertex not in group
Error: Vertex not in group
Error: Vertex not in group
Error: Vertex not in group
Error: Vertex not in group
Error: Vertex not in group
Error: Vertex not in group
Error: Vertex not in group
Error: Vertex not in group
Error: Vertex not in group
Error: Vertex not in group
Error: Vertex not in group
Error: Vertex not in group
Error: Vertex not in group
Error: Vertex not in group
Error: Vertex not in group
Error: Vertex not in group
Error: Vertex not in group
Error: Vertex not in group
Error: Vertex not in group
Error: Vertex not in group
Error: Vertex not in group
Error: Vertex not in group
Error: Vertex not in group
Error: Vertex not in group
Error: Vertex not in group
Error: Vertex not in group
Error: Vertex not in group
Error: Vertex not in group
Error: Vertex not in group
Error: Vertex not in group
Error: Vertex not in group
Error: Vertex not in group
Error: Vertex not in group
Error: Vertex not in group
Error: Vertex not in group
Error: Vertex not in group
Error: Vertex not in group
Error: Vertex not in group
Error: Vertex not in group
Error: Vertex not in group
Error: Vertex not in group
Error: Vertex not in group
Error: Vertex not in group
Error: Vertex not in group
Error: Vertex not in group
Error: Vertex not in group
Error: Vertex not in group
Error: Vertex not in group
Error: Vertex not in group
Error: Vertex not in group
Error: Vertex not in group
Error: Vertex not in group
Error: Vertex not in group
Error: Vertex not in group
Error: Vertex not in group
Error: Vertex not in group
Error: Vertex not in group
Error: Vertex not in group
Error: Vertex not in group
Error: Vertex not in group
Error: Vertex not in group
Error: Vertex not in group
Error: Vertex not in group
Error: Vertex not in group
Error: Vertex not in group
Error: Vertex not in group
Error: Vertex not in group
Error: Vertex not in group
Error: Vertex not in group
Error: Vertex not in group
Error: Vertex not in group
Error: Vertex not in group
Error: Vertex not in group
Error: Vertex not in group
Error: Vertex not in group
Error: Vertex not in group
Error: Vertex not in group
Error: Vertex not in group
Error: Vertex not in group
Error: Vertex not in group
Error: Vertex not in group
Error: Vertex not in group
Error: Vertex not in group
Error: Vertex not in group
Error: Vertex not in group
Error: Vertex not in group
Error: Vertex not in group
Error: Vertex not in group
Error: Vertex not in group
Error: Vertex not in group
Error: Vertex not in group
Error: Vertex not in group
Error: Vertex not in group
Error: Vertex not in group
Error: Vertex not in group
Error: Vertex not in group
Error: Vertex not in group
Error: Vertex not in group
Error: Vertex not in group
Error: Vertex not in group
Error: Vertex not in group
Error: Vertex not in group
Error: Vertex not in group
Error: Vertex not in group
Error: Vertex not in group
Error: Vertex not in group
Error: Vertex not in group
Error: Vertex not in group
Error: Vertex not in group
Error: Vertex not in group
Error: Vertex not in group
Error: Vertex not in group
Error: Vertex not in group
Error: Vertex not in group
Error: Vertex not in group
Error: Vertex not in group
Error: Vertex not in group
Error: Vertex not in group
Error: Vertex not in group
Error: Vertex not in group
Error: Vertex not in group
Error: Vertex not in group
Error: Vertex not in group
Error: Vertex not in group
Error: Vertex not in group
Error: Vertex not in group
Error: Vertex not in group
Error: Vertex not in group
Error: Vertex not in group
Error: Vertex not in group
Error: Vertex not in group
Error: Vertex not in group
Error: Vertex not in group
Error: Vertex not in group
Error: Vertex not in group
Error: Vertex not in group
Error: Vertex not in group
Error: Vertex not in group
Error: Vertex not in group
Error: Vertex not in group
Error: Vertex not in group
Error: Vertex not in group
Error: Vertex not in group
Error: Vertex not in group
Error: Vertex not in group
Error: Vertex not in group
Error: Vertex not in group
Error: Vertex not in group
Error: Vertex not in group
Error: Vertex not in group
Error: Vertex not in group
Error: Vertex not in group
Error: Vertex not in group
Error: Vertex not in group
Error: Vertex not in group
Error: Vertex not in group
Error: Vertex not in group
Error: Vertex not in group
Error: Vertex not in group
Error: Vertex not in group
Error: Vertex not in group
Error: Vertex not in group
Error: Vertex not in group
Error: Vertex not in group
Error: Vertex not in group
Error: Vertex not in group
Error: Vertex not in group
Error: Vertex not in group
Error: Vertex not in group
Error: Vertex not in group
Error: Vertex not in group
Error: Vertex not in group
Error: Vertex not in group
Error: Vertex not in group
Error: Vertex not in group
Error: Vertex not in group
Error: Vertex not in group
Error: Vertex not in group
Error: Vertex not in group
Error: Vertex not in group
Error: Vertex not in group
Error: Vertex not in group
Error: Vertex not in group
Error: Vertex not in group
Error: Vertex not in group
Error: Vertex not in group
Error: Vertex not in group
Error: Vertex not in group
Error: Vertex not in group
Error: Vertex not in group
Error: Vertex not in group
Error: Vertex not in group
Error: Vertex not in group
Error: Vertex not in group
Error: Vertex not in group
Error: Vertex not in group
Error: Vertex not in group
Error: Vertex not in group
Error: Vertex not in group
Error: Vertex not in group
Error: Vertex not in group
Error: Vertex not in group
Error: Vertex not in group
Error: Vertex not in group
Error: Vertex not in group
Error: Vertex not in group
Error: Vertex not in group
Error: Vertex not in group
Error: Vertex not in group
Error: Vertex not in group
Error: Vertex not in group
Error: Vertex not in group
Error: Vertex not in group
Error: Vertex not in group
Error: Vertex not in group
Error: Vertex not in group
Error: Vertex not in group
Error: Vertex not in group
Error: Vertex not in group
Error: Vertex not in group
Error: Vertex not in group
Error: Vertex not in group
Error: Vertex not in group
Error: Vertex not in group
Error: Vertex not in group
Error: Vertex not in group
Error: Vertex not in group
Error: Vertex not in group
Error: Vertex not in group
Error: Vertex not in group
Error: Vertex not in group
Error: Vertex not in group
Error: Vertex not in group
Error: Vertex not in group
Error: Vertex not in group
Error: Vertex not in group
Error: Vertex not in group
Error: Vertex not in group
Error: Vertex not in group
Error: Vertex not in group
Error: Vertex not in group
Error: Vertex not in group
Error: Vertex not in group
Error: Vertex not in group
Error: Vertex not in group
Error: Vertex not in group
Error: Vertex not in group
Error: Vertex not in group
Error: Vertex not in group
Error: Vertex not in group
Error: Vertex not in group
Error: Vertex not in group
Error: Vertex not in group
Error: Vertex not in group
Error: Vertex not in group
Error: Vertex not in group
Error: Vertex not in group
Error: Vertex not in group
Error: Vertex not in group
Error: Vertex not in group
Error: Vertex not in group
Error: Vertex not in group
Error: Vertex not in group
Error: Vertex not in group
Error: Vertex not in group
Error: Vertex not in group
Error: Vertex not in group
Error: Vertex not in group
Error: Vertex not in group
Error: Vertex not in group
Error: Vertex not in group
Error: Vertex not in group
Error: Vertex not in group
Error: Vertex not in group
Error: Vertex not in group
Error: Vertex not in group
Error: Vertex not in group
Error: Vertex not in group
Error: Vertex not in group
Error: Vertex not in group
Error: Vertex not in group
Error: Vertex not in group
Error: Vertex not in group
Error: Vertex not in group
Error: Vertex not in group
Error: Vertex not in group
Error: Vertex not in group
Error: Vertex not in group
Error: Vertex not in group
Error: Vertex not in group
Error: Vertex not in group
Error: Vertex not in group
Error: Vertex not in group
Error: Vertex not in group
Error: Vertex not in group
Error: Vertex not in group
Error: Vertex not in group
Error: Vertex not in group
Error: Vertex not in group
Error: Vertex not in group
Error: Vertex not in group
Error: Vertex not in group
Error: Vertex not in group
Error: Vertex not in group
Error: Vertex not in group
Error: Vertex not in group
Error: Vertex not in group
Error: Vertex not in group
Error: Vertex not in group
Error: Vertex not in group
Error: Vertex not in group
Error: Vertex not in group
Error: Vertex not in group
Error: Vertex not in group
Error: Vertex not in group
Error: Vertex not in group
Error: Vertex not in group
Error: Vertex not in group
Error: Vertex not in group
Error: Vertex not in group
Error: Vertex not in group
Error: Vertex not in group
Error: Vertex not in group
Error: Vertex not in group
Error: Vertex not in group
Error: Vertex not in group
Error: Vertex not in group
Error: Vertex not in group
Error: Vertex not in group
Error: Vertex not in group
Error: Vertex not in group
Error: Vertex not in group
Error: Vertex not in group
Error: Vertex not in group
Error: Vertex not in group
Error: Vertex not in group
Error: Vertex not in group
Error: Vertex not in group
Error: Vertex not in group
Error: Vertex not in group
Error: Vertex not in group
Error: Vertex not in group
Error: Vertex not in group
Error: Vertex not in group
Error: Vertex not in group
Error: Vertex not in group
Error: Vertex not in group
Error: Vertex not in group
Error: Vertex not in group
Error: Vertex not in group
Error: Vertex not in group
Error: Vertex not in group
Error: Vertex not in group
Error: Vertex not in group
Error: Vertex not in group
Error: Vertex not in group
Error: Vertex not in group
Error: Vertex not in group
Error: Vertex not in group
Error: Vertex not in group
Error: Vertex not in group
Error: Vertex not in group
Error: Vertex not in group
Error: Vertex not in group
Error: Vertex not in group
Error: Vertex not in group
Error: Vertex not in group
Error: Vertex not in group
Error: Vertex not in group
Error: Vertex not in group
Error: Vertex not in group
Error: Vertex not in group
Error: Vertex not in group
Error: Vertex not in group
Error: Vertex not in group
Error: Vertex not in group
Error: Vertex not in group
Error: Vertex not in group
Error: Vertex not in group
Error: Vertex not in group
Error: Vertex not in group
Error: Vertex not in group
Error: Vertex not in group
Error: Vertex not in group
Error: Vertex not in group
Error: Vertex not in group
Error: Vertex not in group
Error: Vertex not in group
Error: Vertex not in group
Error: Vertex not in group
Error: Vertex not in group
Error: Vertex not in group
Error: Vertex not in group
Error: Vertex not in group
Error: Vertex not in group
Error: Vertex not in group
Error: Vertex not in group
Error: Vertex not in group
Error: Vertex not in group
Error: Vertex not in group
Error: Vertex not in group
Error: Vertex not in group
Error: Vertex not in group
Error: Vertex not in group
Error: Vertex not in group
Error: Vertex not in group
Error: Vertex not in group
Error: Vertex not in group
Error: Vertex not in group
Error: Vertex not in group
Error: Vertex not in group
Error: Vertex not in group
Error: Vertex not in group
Error: Vertex not in group
Error: Vertex not in group
Error: Vertex not in group
Error: Vertex not in group
Error: Vertex not in group
Error: Vertex not in group
Error: Vertex not in group
Error: Vertex not in group
Error: Vertex not in group
Error: Vertex not in group
Error: Vertex not in group
Error: Vertex not in group
Error: Vertex not in group
Error: Vertex not in group
Error: Vertex not in group
Error: Vertex not in group
Error: Vertex not in group
Error: Vertex not in group
Error: Vertex not in group
Error: Vertex not in group
Error: Vertex not in group
Error: Vertex not in group
Error: Vertex not in group
Error: Vertex not in group
Error: Vertex not in group
Error: Vertex not in group
Error: Vertex not in group
Error: Vertex not in group
Error: Vertex not in group
Error: Vertex not in group
Error: Vertex not in group
Error: Vertex not in group
Error: Vertex not in group
Error: Vertex not in group
Error: Vertex not in group
Error: Vertex not in group
Error: Vertex not in group
Error: Vertex not in group
Error: Vertex not in group
Error: Vertex not in group
Error: Vertex not in group
Error: Vertex not in group
Error: Vertex not in group
Error: Vertex not in group
Error: Vertex not in group
Error: Vertex not in group
Error: Vertex not in group
Error: Vertex not in group
Error: Vertex not in group
Error: Vertex not in group
Error: Vertex not in group
Error: Vertex not in group
Error: Vertex not in group
Error: Vertex not in group
Error: Vertex not in group
Error: Vertex not in group
Error: Vertex not in group
Error: Vertex not in group
Error: Vertex not in group
Error: Vertex not in group
Error: Vertex not in group
Error: Vertex not in group
Error: Vertex not in group
Error: Vertex not in group
Error: Vertex not in group
Error: Vertex not in group
Error: Vertex not in group
Error: Vertex not in group
Error: Vertex not in group
Error: Vertex not in group
Error: Vertex not in group
Error: Vertex not in group
Error: Vertex not in group
Error: Vertex not in group
Error: Vertex not in group
Error: Vertex not in group
Error: Vertex not in group
Error: Vertex not in group
Error: Vertex not in group
Error: Vertex not in group
Error: Vertex not in group
Error: Vertex not in group
Error: Vertex not in group
Error: Vertex not in group
Error: Vertex not in group
Error: Vertex not in group
Error: Vertex not in group
Error: Vertex not in group
Error: Vertex not in group
Error: Vertex not in group
Error: Vertex not in group
Error: Vertex not in group
Error: Vertex not in group
Error: Vertex not in group
Error: Vertex not in group
Error: Vertex not in group
Error: Vertex not in group
Error: Vertex not in group
Error: Vertex not in group
Error: Vertex not in group
Error: Vertex not in group
Error: Vertex not in group
Error: Vertex not in group
Error: Vertex not in group
Error: Vertex not in group
Error: Vertex not in group
Error: Vertex not in group
Error: Vertex not in group
Error: Vertex not in group
Error: Vertex not in group
Error: Vertex not in group
Error: Vertex not in group
Error: Vertex not in group
Error: Vertex not in group
Error: Vertex not in group
Error: Vertex not in group
Error: Vertex not in group
Error: Vertex not in group
Error: Vertex not in group
Error: Vertex not in group
Error: Vertex not in group
Error: Vertex not in group
Error: Vertex not in group
Error: Vertex not in group
Error: Vertex not in group
Error: Vertex not in group
Error: Vertex not in group
Error: Vertex not in group
Error: Vertex not in group
Error: Vertex not in group
Error: Vertex not in group
Error: Vertex not in group
Error: Vertex not in group
Error: Vertex not in group
Error: Vertex not in group
Error: Vertex not in group
Error: Vertex not in group
Error: Vertex not in group
Error: Vertex not in group
Error: Vertex not in group
Error: Vertex not in group
Error: Vertex not in group
Error: Vertex not in group
Error: Vertex not in group
Error: Vertex not in group
Error: Vertex not in group
Error: Vertex not in group
Error: Vertex not in group
Error: Vertex not in group
Error: Vertex not in group
Error: Vertex not in group
Error: Vertex not in group
Error: Vertex not in group
Error: Vertex not in group
Error: Vertex not in group
Error: Vertex not in group
Error: Vertex not in group
Error: Vertex not in group
Error: Vertex not in group
Error: Vertex not in group
Error: Vertex not in group
Error: Vertex not in group
Error: Vertex not in group
Error: Vertex not in group
Error: Vertex not in group
Error: Vertex not in group
Error: Vertex not in group
Error: Vertex not in group
Error: Vertex not in group
Error: Vertex not in group
Error: Vertex not in group
Error: Vertex not in group
Error: Vertex not in group
Error: Vertex not in group
Error: Vertex not in group
Error: Vertex not in group
Error: Vertex not in group
Error: Vertex not in group
Error: Vertex not in group
Error: Vertex not in group
Error: Vertex not in group
Error: Vertex not in group
Error: Vertex not in group
Error: Vertex not in group
Error: Vertex not in group
Error: Vertex not in group
Error: Vertex not in group
Error: Vertex not in group
Error: Vertex not in group
Error: Vertex not in group
Error: Vertex not in group
Error: Vertex not in group
Error: Vertex not in group
Error: Vertex not in group
Error: Vertex not in group
Error: Vertex not in group
Error: Vertex not in group
Error: Vertex not in group
Error: Vertex not in group
Error: Vertex not in group
Error: Vertex not in group
Error: Vertex not in group
Error: Vertex not in group
Error: Vertex not in group
Error: Vertex not in group
Error: Vertex not in group
Error: Vertex not in group
Error: Vertex not in group
Error: Vertex not in group
Error: Vertex not in group
Error: Vertex not in group
Error: Vertex not in group
Error: Vertex not in group
Error: Vertex not in group
Error: Vertex not in group
Error: Vertex not in group
Error: Vertex not in group
Error: Vertex not in group
Error: Vertex not in group
Error: Vertex not in group
Error: Vertex not in group
Error: Vertex not in group
Error: Vertex not in group
Error: Vertex not in group
Error: Vertex not in group
Error: Vertex not in group
Error: Vertex not in group
Error: Vertex not in group
Error: Vertex not in group
Error: Vertex not in group
Error: Vertex not in group
Error: Vertex not in group
Error: Vertex not in group
Error: Vertex not in group
Error: Vertex not in group
Error: Vertex not in group
Error: Vertex not in group
Error: Vertex not in group
Error: Vertex not in group
Error: Vertex not in group
Error: Vertex not in group
Error: Vertex not in group
Error: Vertex not in group
Error: Vertex not in group
Error: Vertex not in group
Error: Vertex not in group
Error: Vertex not in group
Error: Vertex not in group
Error: Vertex not in group
Error: Vertex not in group
Error: Vertex not in group
Error: Vertex not in group
Error: Vertex not in group
Error: Vertex not in group
Error: Vertex not in group
Error: Vertex not in group
Error: Vertex not in group
Error: Vertex not in group
Error: Vertex not in group
Error: Vertex not in group
Error: Vertex not in group
Error: Vertex not in group
Error: Vertex not in group
Error: Vertex not in group
Error: Vertex not in group
Error: Vertex not in group
Error: Vertex not in group
Error: Vertex not in group
Error: Vertex not in group
Error: Vertex not in group
Error: Vertex not in group
Error: Vertex not in group
Error: Vertex not in group
Error: Vertex not in group
Error: Vertex not in group
Error: Vertex not in group
Error: Vertex not in group
Error: Vertex not in group
Error: Vertex not in group
Error: Vertex not in group
Error: Vertex not in group
Error: Vertex not in group
Error: Vertex not in group
Error: Vertex not in group
Error: Vertex not in group
Error: Vertex not in group
Error: Vertex not in group
Error: Vertex not in group
Error: Vertex not in group
Error: Vertex not in group
Error: Vertex not in group
Error: Vertex not in group
Error: Vertex not in group
Error: Vertex not in group
Error: Vertex not in group
Error: Vertex not in group
Error: Vertex not in group
Error: Vertex not in group
Error: Vertex not in group
Error: Vertex not in group
Error: Vertex not in group
Error: Vertex not in group
Error: Vertex not in group
Error: Vertex not in group
Error: Vertex not in group
Error: Vertex not in group
Error: Vertex not in group
Error: Vertex not in group
Error: Vertex not in group
Error: Vertex not in group
Error: Vertex not in group
Error: Vertex not in group
Error: Vertex not in group
Error: Vertex not in group
Error: Vertex not in group
Error: Vertex not in group
Error: Vertex not in group
Error: Vertex not in group
Error: Vertex not in group
Error: Vertex not in group
Error: Vertex not in group
Error: Vertex not in group
Error: Vertex not in group
Error: Vertex not in group
Error: Vertex not in group
Error: Vertex not in group
Error: Vertex not in group
Error: Vertex not in group
Error: Vertex not in group
Error: Vertex not in group
Error: Vertex not in group
Error: Vertex not in group
Error: Vertex not in group
Error: Vertex not in group
Error: Vertex not in group
Error: Vertex not in group
Error: Vertex not in group
Error: Vertex not in group
Error: Vertex not in group
Error: Vertex not in group
Error: Vertex not in group
Error: Vertex not in group
Error: Vertex not in group
Error: Vertex not in group
Error: Vertex not in group
Error: Vertex not in group
Error: Vertex not in group
Error: Vertex not in group
Error: Vertex not in group
Error: Vertex not in group
Error: Vertex not in group
Error: Vertex not in group
Error: Vertex not in group
Error: Vertex not in group
Error: Vertex not in group
Error: Vertex not in group
Error: Vertex not in group
Error: Vertex not in group
Error: Vertex not in group
Error: Vertex not in group
Error: Vertex not in group
Error: Vertex not in group
Error: Vertex not in group
Error: Vertex not in group
Error: Vertex not in group
Error: Vertex not in group
Error: Vertex not in group
Error: Vertex not in group
Error: Vertex not in group
Error: Vertex not in group
Error: Vertex not in group
Error: Vertex not in group
Error: Vertex not in group
Error: Vertex not in group
Error: Vertex not in group
Error: Vertex not in group
Error: Vertex not in group
Error: Vertex not in group
Error: Vertex not in group
Error: Vertex not in group
Error: Vertex not in group
Error: Vertex not in group
Error: Vertex not in group
Error: Vertex not in group
Error: Vertex not in group
Error: Vertex not in group
Error: Vertex not in group
Error: Vertex not in group
Error: Vertex not in group
Error: Vertex not in group
Error: Vertex not in group
Error: Vertex not in group
Error: Vertex not in group
Error: Vertex not in group
Error: Vertex not in group
Error: Vertex not in group
Error: Vertex not in group
Error: Vertex not in group
Error: Vertex not in group
Error: Vertex not in group
Error: Vertex not in group
Error: Vertex not in group
Error: Vertex not in group
Error: Vertex not in group
Error: Vertex not in group
Error: Vertex not in group
Error: Vertex not in group
Error: Vertex not in group
Error: Vertex not in group
Error: Vertex not in group
Error: Vertex not in group
Error: Vertex not in group
Error: Vertex not in group
Error: Vertex not in group
Error: Vertex not in group
Error: Vertex not in group
Error: Vertex not in group
Error: Vertex not in group
Error: Vertex not in group
Error: Vertex not in group
Error: Vertex not in group
Error: Vertex not in group
Error: Vertex not in group
Error: Vertex not in group
Error: Vertex not in group
Error: Vertex not in group
Error: Vertex not in group
Error: Vertex not in group
Error: Vertex not in group
Error: Vertex not in group
Error: Vertex not in group
Error: Vertex not in group
Error: Vertex not in group
Error: Vertex not in group
Error: Vertex not in group
Error: Vertex not in group
Error: Vertex not in group
Error: Vertex not in group
Error: Vertex not in group
Error: Vertex not in group
Error: Vertex not in group
Error: Vertex not in group
Error: Vertex not in group
Error: Vertex not in group
Error: Vertex not in group
Error: Vertex not in group
Error: Vertex not in group
Error: Vertex not in group
Error: Vertex not in group
Error: Vertex not in group
Error: Vertex not in group
Error: Vertex not in group
Error: Vertex not in group
Error: Vertex not in group
Error: Vertex not in group
Error: Vertex not in group
Error: Vertex not in group
Error: Vertex not in group
Error: Vertex not in group
Error: Vertex not in group
Error: Vertex not in group
Error: Vertex not in group
Error: Vertex not in group
Error: Vertex not in group
Error: Vertex not in group
Error: Vertex not in group
Error: Vertex not in group
Error: Vertex not in group
Error: Vertex not in group
Error: Vertex not in group
Error: Vertex not in group
Error: Vertex not in group
Error: Vertex not in group
Error: Vertex not in group
Error: Vertex not in group
Error: Vertex not in group
Error: Vertex not in group
Error: Vertex not in group
Error: Vertex not in group
Error: Vertex not in group
Error: Vertex not in group
Error: Vertex not in group
Error: Vertex not in group
Error: Vertex not in group
Error: Vertex not in group
Error: Vertex not in group
Error: Vertex not in group
Error: Vertex not in group
Error: Vertex not in group
Error: Vertex not in group
Error: Vertex not in group
Error: Vertex not in group
Error: Vertex not in group
Error: Vertex not in group
Error: Vertex not in group
Error: Vertex not in group
Error: Vertex not in group
Error: Vertex not in group
Error: Vertex not in group
Error: Vertex not in group
Error: Vertex not in group
Error: Vertex not in group
Error: Vertex not in group
Error: Vertex not in group
Error: Vertex not in group
Error: Vertex not in group
Error: Vertex not in group
Error: Vertex not in group
Error: Vertex not in group
Error: Vertex not in group
Error: Vertex not in group
Error: Vertex not in group
Error: Vertex not in group
Error: Vertex not in group
Error: Vertex not in group
Error: Vertex not in group
Error: Vertex not in group
Error: Vertex not in group
Error: Vertex not in group
Error: Vertex not in group
Error: Vertex not in group
Error: Vertex not in group
Error: Vertex not in group
Error: Vertex not in group
Error: Vertex not in group
Error: Vertex not in group
Error: Vertex not in group
Error: Vertex not in group
Error: Vertex not in group
Error: Vertex not in group
Error: Vertex not in group
Error: Vertex not in group
Error: Vertex not in group
Error: Vertex not in group
Error: Vertex not in group
Error: Vertex not in group
Error: Vertex not in group
Error: Vertex not in group
Error: Vertex not in group
Error: Vertex not in group
Error: Vertex not in group
Error: Vertex not in group
Error: Vertex not in group
Error: Vertex not in group
Error: Vertex not in group
Error: Vertex not in group
Error: Vertex not in group
Error: Vertex not in group
Error: Vertex not in group
Error: Vertex not in group
Error: Vertex not in group
Error: Vertex not in group
Error: Vertex not in group
Error: Vertex not in group
Error: Vertex not in group
Error: Vertex not in group
Error: Vertex not in group
Error: Vertex not in group
Error: Vertex not in group
Error: Vertex not in group
Error: Vertex not in group
Error: Vertex not in group
Error: Vertex not in group
Error: Vertex not in group
Error: Vertex not in group
Error: Vertex not in group
Error: Vertex not in group
Error: Vertex not in group
Error: Vertex not in group
Error: Vertex not in group
Error: Vertex not in group
Error: Vertex not in group
Error: Vertex not in group
Error: Vertex not in group
Error: Vertex not in group
Error: Vertex not in group
Error: Vertex not in group
Error: Vertex not in group
Error: Vertex not in group
Error: Vertex not in group
Error: Vertex not in group
Error: Vertex not in group
Error: Vertex not in group
Error: Vertex not in group
Error: Vertex not in group
Error: Vertex not in group
Error: Vertex not in group
Error: Vertex not in group
Error: Vertex not in group
Error: Vertex not in group
Error: Vertex not in group
Error: Vertex not in group
Error: Vertex not in group
Error: Vertex not in group
Error: Vertex not in group
Error: Vertex not in group
Error: Vertex not in group
Error: Vertex not in group
Error: Vertex not in group
Error: Vertex not in group
Error: Vertex not in group
Error: Vertex not in group
Error: Vertex not in group
Error: Vertex not in group
Error: Vertex not in group
Error: Vertex not in group
Error: Vertex not in group
Error: Vertex not in group
Error: Vertex not in group
Error: Vertex not in group
Error: Vertex not in group
Error: Vertex not in group
Error: Vertex not in group
Error: Vertex not in group
Error: Vertex not in group
Error: Vertex not in group
Error: Vertex not in group
Error: Vertex not in group
Error: Vertex not in group
Error: Vertex not in group
Error: Vertex not in group
Error: Vertex not in group
Error: Vertex not in group
Error: Vertex not in group
Error: Vertex not in group
Error: Vertex not in group
Error: Vertex not in group
Error: Vertex not in group
Error: Vertex not in group
Error: Vertex not in group
Error: Vertex not in group
Error: Vertex not in group
Error: Vertex not in group
Error: Vertex not in group
Error: Vertex not in group
Error: Vertex not in group
Error: Vertex not in group
Error: Vertex not in group
Error: Vertex not in group
Error: Vertex not in group
Error: Vertex not in group
Error: Vertex not in group
Error: Vertex not in group
Error: Vertex not in group
Error: Vertex not in group
Error: Vertex not in group
Error: Vertex not in group
Error: Vertex not in group
Error: Vertex not in group
Error: Vertex not in group
Error: Vertex not in group
Error: Vertex not in group
Error: Vertex not in group
Error: Vertex not in group
Error: Vertex not in group
Error: Vertex not in group
Error: Vertex not in group
Error: Vertex not in group
Error: Vertex not in group
Error: Vertex not in group
Error: Vertex not in group
Error: Vertex not in group
Error: Vertex not in group
Error: Vertex not in group
Error: Vertex not in group
Error: Vertex not in group
Error: Vertex not in group
Error: Vertex not in group
Error: Vertex not in group
Error: Vertex not in group
Error: Vertex not in group
Error: Vertex not in group
Error: Vertex not in group
Error: Vertex not in group
Error: Vertex not in group
Error: Vertex not in group
Error: Vertex not in group
Error: Vertex not in group
Error: Vertex not in group
Error: Vertex not in group
Error: Vertex not in group
Error: Vertex not in group
Error: Vertex not in group
Error: Vertex not in group
Error: Vertex not in group
Error: Vertex not in group
Error: Vertex not in group
Error: Vertex not in group
Error: Vertex not in group
Error: Vertex not in group
Error: Vertex not in group
Error: Vertex not in group
Error: Vertex not in group
Error: Vertex not in group
Error: Vertex not in group
Error: Vertex not in group
Error: Vertex not in group
Error: Vertex not in group
Error: Vertex not in group
Error: Vertex not in group
Error: Vertex not in group
Error: Vertex not in group
Error: Vertex not in group
Error: Vertex not in group
Error: Vertex not in group
Error: Vertex not in group
Error: Vertex not in group
Error: Vertex not in group
Error: Vertex not in group
Error: Vertex not in group
Error: Vertex not in group
Error: Vertex not in group
Error: Vertex not in group
Error: Vertex not in group
Error: Vertex not in group
Error: Vertex not in group
Error: Vertex not in group
Error: Vertex not in group
Error: Vertex not in group
Error: Vertex not in group
Error: Vertex not in group
Error: Vertex not in group
Error: Vertex not in group
Error: Vertex not in group
Error: Vertex not in group
Error: Vertex not in group
Error: Vertex not in group
Error: Vertex not in group
Error: Vertex not in group
Error: Vertex not in group
Error: Vertex not in group
Error: Vertex not in group
Error: Vertex not in group
Error: Vertex not in group
Error: Vertex not in group
Error: Vertex not in group
Error: Vertex not in group
Error: Vertex not in group
Error: Vertex not in group
Error: Vertex not in group
Error: Vertex not in group
Error: Vertex not in group
Error: Vertex not in group
Error: Vertex not in group
Error: Vertex not in group
Error: Vertex not in group
Error: Vertex not in group
Error: Vertex not in group
Error: Vertex not in group
Error: Vertex not in group
Error: Vertex not in group
Error: Vertex not in group
Error: Vertex not in group
Error: Vertex not in group
Error: Vertex not in group
Error: Vertex not in group
Error: Vertex not in group
Error: Vertex not in group
Error: Vertex not in group
Error: Vertex not in group
Error: Vertex not in group
Error: Vertex not in group
Error: Vertex not in group
Error: Vertex not in group
Error: Vertex not in group
Error: Vertex not in group
Error: Vertex not in group
Error: Vertex not in group
Error: Vertex not in group
Error: Vertex not in group
Error: Vertex not in group
Error: Vertex not in group
Error: Vertex not in group
Error: Vertex not in group
Error: Vertex not in group
Error: Vertex not in group
Error: Vertex not in group
Error: Vertex not in group
Error: Vertex not in group
Error: Vertex not in group
Error: Vertex not in group
Error: Vertex not in group
Error: Vertex not in group
Error: Vertex not in group
Error: Vertex not in group
Error: Vertex not in group
Error: Vertex not in group
Error: Vertex not in group
Error: Vertex not in group
Error: Vertex not in group
Error: Vertex not in group
Error: Vertex not in group
Error: Vertex not in group
Error: Vertex not in group
Error: Vertex not in group
Error: Vertex not in group
Error: Vertex not in group
Error: Vertex not in group
Error: Vertex not in group
Error: Vertex not in group
Error: Vertex not in group
Error: Vertex not in group
Error: Vertex not in group
Error: Vertex not in group
Error: Vertex not in group
Error: Vertex not in group
Error: Vertex not in group
Error: Vertex not in group
Error: Vertex not in group
Error: Vertex not in group
Error: Vertex not in group
Error: Vertex not in group
Error: Vertex not in group
Error: Vertex not in group
Error: Vertex not in group
Error: Vertex not in group
Error: Vertex not in group
Error: Vertex not in group
Error: Vertex not in group
Error: Vertex not in group
Error: Vertex not in group
Error: Vertex not in group
Error: Vertex not in group
Error: Vertex not in group
Error: Vertex not in group
Error: Vertex not in group
Error: Vertex not in group
Error: Vertex not in group
Error: Vertex not in group
Error: Vertex not in group
Error: Vertex not in group
Error: Vertex not in group
Error: Vertex not in group
Error: Vertex not in group
Error: Vertex not in group
Error: Vertex not in group
Error: Vertex not in group
Error: Vertex not in group
Error: Vertex not in group
Error: Vertex not in group
Error: Vertex not in group
Error: Vertex not in group
Error: Vertex not in group
Error: Vertex not in group
Error: Vertex not in group
Error: Vertex not in group
Error: Vertex not in group
Error: Vertex not in group
Error: Vertex not in group
Error: Vertex not in group
Error: Vertex not in group
Error: Vertex not in group
Error: Vertex not in group
Error: Vertex not in group
Error: Vertex not in group
Error: Vertex not in group
Error: Vertex not in group
Error: Vertex not in group
Error: Vertex not in group
Error: Vertex not in group
Error: Vertex not in group
Error: Vertex not in group
Error: Vertex not in group
Error: Vertex not in group
Error: Vertex not in group
Error: Vertex not in group
Error: Vertex not in group
Error: Vertex not in group
Error: Vertex not in group
Error: Vertex not in group
Error: Vertex not in group
Error: Vertex not in group
Error: Vertex not in group
Error: Vertex not in group
Error: Vertex not in group
Error: Vertex not in group
Error: Vertex not in group
Error: Vertex not in group
Error: Vertex not in group
Error: Vertex not in group
Error: Vertex not in group
Error: Vertex not in group
Error: Vertex not in group
Error: Vertex not in group
Error: Vertex not in group
Error: Vertex not in group
Error: Vertex not in group
Error: Vertex not in group
Error: Vertex not in group
Error: Vertex not in group
Error: Vertex not in group
Error: Vertex not in group
Error: Vertex not in group
Error: Vertex not in group
Error: Vertex not in group
Error: Vertex not in group
Error: Vertex not in group
Error: Vertex not in group
Error: Vertex not in group
Error: Vertex not in group
Error: Vertex not in group
Error: Vertex not in group
Error: Vertex not in group
Error: Vertex not in group
Error: Vertex not in group
Error: Vertex not in group
Error: Vertex not in group
Error: Vertex not in group
Error: Vertex not in group
Error: Vertex not in group
Error: Vertex not in group
Error: Vertex not in group
Error: Vertex not in group
Error: Vertex not in group
Error: Vertex not in group
Error: Vertex not in group
Error: Vertex not in group
Error: Vertex not in group
Error: Vertex not in group
Error: Vertex not in group
Error: Vertex not in group
Error: Vertex not in group
Error: Vertex not in group
Error: Vertex not in group
Error: Vertex not in group
Error: Vertex not in group
Error: Vertex not in group
Error: Vertex not in group
Error: Vertex not in group
Error: Vertex not in group
Error: Vertex not in group
Error: Vertex not in group
Error: Vertex not in group
Error: Vertex not in group
Error: Vertex not in group
Error: Vertex not in group
Error: Vertex not in group
Error: Vertex not in group
Error: Vertex not in group
Error: Vertex not in group
Error: Vertex not in group
Error: Vertex not in group
Error: Vertex not in group
Error: Vertex not in group
Error: Vertex not in group
Error: Vertex not in group
Error: Vertex not in group
Error: Vertex not in group
Error: Vertex not in group
Error: Vertex not in group
Error: Vertex not in group
Error: Vertex not in group
Error: Vertex not in group
Error: Vertex not in group
Error: Vertex not in group
Error: Vertex not in group
Error: Vertex not in group
Error: Vertex not in group
Error: Vertex not in group
Error: Vertex not in group
Error: Vertex not in group
Error: Vertex not in group
Error: Vertex not in group
Error: Vertex not in group
Error: Vertex not in group
Error: Vertex not in group
Error: Vertex not in group
Error: Vertex not in group
Error: Vertex not in group
Error: Vertex not in group
Error: Vertex not in group
Error: Vertex not in group
Error: Vertex not in group
Error: Vertex not in group
Error: Vertex not in group
Error: Vertex not in group
Error: Vertex not in group
Error: Vertex not in group
Error: Vertex not in group
Error: Vertex not in group
Error: Vertex not in group
Error: Vertex not in group
Error: Vertex not in group
Error: Vertex not in group
Error: Vertex not in group
Error: Vertex not in group
Error: Vertex not in group
Error: Vertex not in group
Error: Vertex not in group
Error: Vertex not in group
Error: Vertex not in group
Error: Vertex not in group
Error: Vertex not in group
Error: Vertex not in group
Error: Vertex not in group
Error: Vertex not in group
Error: Vertex not in group
Error: Vertex not in group
Error: Vertex not in group
Error: Vertex not in group
Error: Vertex not in group
Error: Vertex not in group
Error: Vertex not in group
Error: Vertex not in group
Error: Vertex not in group
Error: Vertex not in group
Error: Vertex not in group
Error: Vertex not in group
Error: Vertex not in group
Error: Vertex not in group
Error: Vertex not in group
Error: Vertex not in group
Error: Vertex not in group
Error: Vertex not in group
Error: Vertex not in group
Error: Vertex not in group
Error: Vertex not in group
Error: Vertex not in group
Error: Vertex not in group
Error: Vertex not in group
Error: Vertex not in group
Error: Vertex not in group
Error: Vertex not in group
Error: Vertex not in group
Error: Vertex not in group
Error: Vertex not in group
Error: Vertex not in group
Error: Vertex not in group
Error: Vertex not in group
Error: Vertex not in group
Error: Vertex not in group
Error: Vertex not in group
Error: Vertex not in group
Error: Vertex not in group
Error: Vertex not in group
Error: Vertex not in group
Error: Vertex not in group
Error: Vertex not in group
Error: Vertex not in group
Error: Vertex not in group
Error: Vertex not in group
Error: Vertex not in group
Error: Vertex not in group
Error: Vertex not in group
Error: Vertex not in group
Error: Vertex not in group
Error: Vertex not in group
Error: Vertex not in group
Error: Vertex not in group
Error: Vertex not in group
Error: Vertex not in group
Error: Vertex not in group
Error: Vertex not in group
Error: Vertex not in group
Error: Vertex not in group
Error: Vertex not in group
Error: Vertex not in group
Error: Vertex not in group
Error: Vertex not in group
Error: Vertex not in group
Error: Vertex not in group
Error: Vertex not in group
Error: Vertex not in group
Error: Vertex not in group
Error: Vertex not in group
Error: Vertex not in group
Error: Vertex not in group
Error: Vertex not in group
Error: Vertex not in group
Error: Vertex not in group
Error: Vertex not in group
Error: Vertex not in group
Error: Vertex not in group
Error: Vertex not in group
Error: Vertex not in group
Error: Vertex not in group
Error: Vertex not in group
Error: Vertex not in group
Error: Vertex not in group
Error: Vertex not in group
Error: Vertex not in group
Error: Vertex not in group
Error: Vertex not in group
Error: Vertex not in group
Error: Vertex not in group
Error: Vertex not in group
Error: Vertex not in group
Error: Vertex not in group
Error: Vertex not in group
Error: Vertex not in group
Error: Vertex not in group
Error: Vertex not in group
Error: Vertex not in group
Error: Vertex not in group
Error: Vertex not in group
Error: Vertex not in group
Error: Vertex not in group
Error: Vertex not in group
Error: Vertex not in group
Error: Vertex not in group
Error: Vertex not in group
Error: Vertex not in group
Error: Vertex not in group
Error: Vertex not in group
Error: Vertex not in group
Error: Vertex not in group
Error: Vertex not in group
Error: Vertex not in group
Error: Vertex not in group
Error: Vertex not in group
Error: Vertex not in group
Error: Vertex not in group
Error: Vertex not in group
Error: Vertex not in group
Error: Vertex not in group
Error: Vertex not in group
Error: Vertex not in group
Error: Vertex not in group
Error: Vertex not in group
Error: Vertex not in group
Error: Vertex not in group
Error: Vertex not in group
Error: Vertex not in group
Error: Vertex not in group
Error: Vertex not in group
Error: Vertex not in group
Error: Vertex not in group
Error: Vertex not in group
Error: Vertex not in group
Error: Vertex not in group
Error: Vertex not in group
Error: Vertex not in group
Error: Vertex not in group
Error: Vertex not in group
Error: Vertex not in group
Error: Vertex not in group
Error: Vertex not in group
Error: Vertex not in group
Error: Vertex not in group
Error: Vertex not in group
Error: Vertex not in group
Error: Vertex not in group
Error: Vertex not in group
Error: Vertex not in group
Error: Vertex not in group
Error: Vertex not in group
Error: Vertex not in group
Error: Vertex not in group
Error: Vertex not in group
Error: Vertex not in group
Error: Vertex not in group
Error: Vertex not in group
Error: Vertex not in group
Error: Vertex not in group
Error: Vertex not in group
Error: Vertex not in group
Error: Vertex not in group
Error: Vertex not in group
Error: Vertex not in group
Error: Vertex not in group
Error: Vertex not in group
Error: Vertex not in group
Error: Vertex not in group
Error: Vertex not in group
Error: Vertex not in group
Error: Vertex not in group
Error: Vertex not in group
Error: Vertex not in group
Error: Vertex not in group
Error: Vertex not in group
Error: Vertex not in group
Error: Vertex not in group
Error: Vertex not in group
Error: Vertex not in group
Error: Vertex not in group
Error: Vertex not in group
Error: Vertex not in group
Error: Vertex not in group
Error: Vertex not in group
Error: Vertex not in group
Error: Vertex not in group
Error: Vertex not in group
Error: Vertex not in group
Error: Vertex not in group
Error: Vertex not in group
Error: Vertex not in group
Error: Vertex not in group
Error: Vertex not in group
Error: Vertex not in group
Error: Vertex not in group
Error: Vertex not in group
Error: Vertex not in group
Error: Vertex not in group
Error: Vertex not in group
Error: Vertex not in group
Error: Vertex not in group
Error: Vertex not in group
Error: Vertex not in group
Error: Vertex not in group
Error: Vertex not in group
Error: Vertex not in group
Error: Vertex not in group
Error: Vertex not in group
Error: Vertex not in group
Error: Vertex not in group
Error: Vertex not in group
Error: Vertex not in group
Error: Vertex not in group
Error: Vertex not in group
Error: Vertex not in group
Error: Vertex not in group
Error: Vertex not in group
Error: Vertex not in group
Error: Vertex not in group
Error: Vertex not in group
Error: Vertex not in group
Error: Vertex not in group
Error: Vertex not in group
Error: Vertex not in group
Error: Vertex not in group
Error: Vertex not in group
Error: Vertex not in group
Error: Vertex not in group
Error: Vertex not in group
Error: Vertex not in group
Error: Vertex not in group
Error: Vertex not in group
Error: Vertex not in group
Error: Vertex not in group
Error: Vertex not in group
Error: Vertex not in group
Error: Vertex not in group
Error: Vertex not in group
Error: Vertex not in group
Error: Vertex not in group
Error: Vertex not in group
Error: Vertex not in group
Error: Vertex not in group
Error: Vertex not in group
Error: Vertex not in group
Error: Vertex not in group
Error: Vertex not in group
Error: Vertex not in group
Error: Vertex not in group
Error: Vertex not in group
Error: Vertex not in group
Error: Vertex not in group
Error: Vertex not in group
Error: Vertex not in group
Error: Vertex not in group
Error: Vertex not in group
Error: Vertex not in group
Error: Vertex not in group
Error: Vertex not in group
Error: Vertex not in group
Error: Vertex not in group
Error: Vertex not in group
Error: Vertex not in group
Error: Vertex not in group
Error: Vertex not in group
Error: Vertex not in group
Error: Vertex not in group
Error: Vertex not in group
Error: Vertex not in group
Error: Vertex not in group
Error: Vertex not in group
Error: Vertex not in group
Error: Vertex not in group
Error: Vertex not in group
Error: Vertex not in group
Error: Vertex not in group
Error: Vertex not in group
Error: Vertex not in group
Error: Vertex not in group
Error: Vertex not in group
Error: Vertex not in group
Error: Vertex not in group
Error: Vertex not in group
Error: Vertex not in group
Error: Vertex not in group
Error: Vertex not in group
Error: Vertex not in group
Error: Vertex not in group
Error: Vertex not in group
Error: Vertex not in group
Error: Vertex not in group
Error: Vertex not in group
Error: Vertex not in group
Error: Vertex not in group
Error: Vertex not in group
Error: Vertex not in group
Error: Vertex not in group
Error: Vertex not in group
Error: Vertex not in group
Error: Vertex not in group
Error: Vertex not in group
Error: Vertex not in group
Error: Vertex not in group
Error: Vertex not in group
Error: Vertex not in group
Error: Vertex not in group
Error: Vertex not in group
Error: Vertex not in group
Error: Vertex not in group
Error: Vertex not in group
Error: Vertex not in group
Error: Vertex not in group
Error: Vertex not in group
Error: Vertex not in group
Error: Vertex not in group
Error: Vertex not in group
Error: Vertex not in group
Error: Vertex not in group
Error: Vertex not in group
Error: Vertex not in group
Error: Vertex not in group
Error: Vertex not in group
Error: Vertex not in group
Error: Vertex not in group
Error: Vertex not in group
Error: Vertex not in group
Error: Vertex not in group
Error: Vertex not in group
Error: Vertex not in group
Error: Vertex not in group
Error: Vertex not in group
Error: Vertex not in group
Error: Vertex not in group
Error: Vertex not in group
Error: Vertex not in group
Error: Vertex not in group
Error: Vertex not in group
Error: Vertex not in group
Error: Vertex not in group
Error: Vertex not in group
Error: Vertex not in group
Error: Vertex not in group
Error: Vertex not in group
Error: Vertex not in group
Error: Vertex not in group
Error: Vertex not in group
Error: Vertex not in group
Error: Vertex not in group
Error: Vertex not in group
Error: Vertex not in group
Error: Vertex not in group
Error: Vertex not in group
Error: Vertex not in group
Error: Vertex not in group
Error: Vertex not in group
Error: Vertex not in group
Error: Vertex not in group
Error: Vertex not in group
Error: Vertex not in group
Error: Vertex not in group
Error: Vertex not in group
Error: Vertex not in group
Error: Vertex not in group
Error: Vertex not in group
Error: Vertex not in group
Error: Vertex not in group
Error: Vertex not in group
Error: Vertex not in group
Error: Vertex not in group
Error: Vertex not in group
Error: Vertex not in group
Error: Vertex not in group
Error: Vertex not in group
Error: Vertex not in group
Error: Vertex not in group
Error: Vertex not in group
Error: Vertex not in group
Error: Vertex not in group
Error: Vertex not in group
Error: Vertex not in group
Error: Vertex not in group
Error: Vertex not in group
Error: Vertex not in group
Error: Vertex not in group
Error: Vertex not in group
Error: Vertex not in group
Error: Vertex not in group
Error: Vertex not in group
Error: Vertex not in group
Error: Vertex not in group
Error: Vertex not in group
Error: Vertex not in group
Error: Vertex not in group
Error: Vertex not in group
Error: Vertex not in group
Error: Vertex not in group
Error: Vertex not in group
Error: Vertex not in group
Error: Vertex not in group
Error: Vertex not in group
Error: Vertex not in group
Error: Vertex not in group
Error: Vertex not in group
Error: Vertex not in group
Error: Vertex not in group
Error: Vertex not in group
Error: Vertex not in group
Error: Vertex not in group
Error: Vertex not in group
Error: Vertex not in group
Error: Vertex not in group
Error: Vertex not in group
Error: Vertex not in group
Error: Vertex not in group
Error: Vertex not in group
Error: Vertex not in group
Error: Vertex not in group
Error: Vertex not in group
Error: Vertex not in group
Error: Vertex not in group
Error: Vertex not in group
Error: Vertex not in group
Error: Vertex not in group
Error: Vertex not in group
Error: Vertex not in group
Error: Vertex not in group
Error: Vertex not in group
Error: Vertex not in group
Error: Vertex not in group
Error: Vertex not in group
Error: Vertex not in group
Error: Vertex not in group
Error: Vertex not in group
Error: Vertex not in group
Error: Vertex not in group
Error: Vertex not in group
Error: Vertex not in group
Error: Vertex not in group
Error: Vertex not in group
Error: Vertex not in group
Error: Vertex not in group
Error: Vertex not in group
Error: Vertex not in group
Error: Vertex not in group
Error: Vertex not in group
Error: Vertex not in group
Error: Vertex not in group
Error: Vertex not in group
Error: Vertex not in group
Error: Vertex not in group
Error: Vertex not in group
Error: Vertex not in group
Error: Vertex not in group
Error: Vertex not in group
Error: Vertex not in group
Error: Vertex not in group
Error: Vertex not in group
Error: Vertex not in group
Error: Vertex not in group
Error: Vertex not in group
Error: Vertex not in group
Error: Vertex not in group
Error: Vertex not in group
Error: Vertex not in group
Error: Vertex not in group
Error: Vertex not in group
Error: Vertex not in group
Error: Vertex not in group
Error: Vertex not in group
Error: Vertex not in group
Error: Vertex not in group
Error: Vertex not in group
Error: Vertex not in group
Error: Vertex not in group
Error: Vertex not in group
Error: Vertex not in group
Error: Vertex not in group
Error: Vertex not in group
Error: Vertex not in group
Error: Vertex not in group
Error: Vertex not in group
Error: Vertex not in group
Error: Vertex not in group
Error: Vertex not in group
Error: Vertex not in group
Error: Vertex not in group
Error: Vertex not in group
Error: Vertex not in group
Error: Vertex not in group
Error: Vertex not in group
Error: Vertex not in group
Error: Vertex not in group
Error: Vertex not in group
Error: Vertex not in group
Error: Vertex not in group
Error: Vertex not in group
Error: Vertex not in group
Error: Vertex not in group
Error: Vertex not in group
Error: Vertex not in group
Error: Vertex not in group
Error: Vertex not in group
Error: Vertex not in group
Error: Vertex not in group
Error: Vertex not in group
Error: Vertex not in group
Error: Vertex not in group
Error: Vertex not in group
Error: Vertex not in group
Error: Vertex not in group
Error: Vertex not in group
Error: Vertex not in group
Error: Vertex not in group
Error: Vertex not in group
Error: Vertex not in group
Error: Vertex not in group
Error: Vertex not in group
Error: Vertex not in group
Error: Vertex not in group
Error: Vertex not in group
Error: Vertex not in group
Error: Vertex not in group
Error: Vertex not in group
Error: Vertex not in group
Error: Vertex not in group
Error: Vertex not in group
Error: Vertex not in group
Error: Vertex not in group
Error: Vertex not in group
Error: Vertex not in group
Error: Vertex not in group
Error: Vertex not in group
Error: Vertex not in group
Error: Vertex not in group
Error: Vertex not in group
Error: Vertex not in group
Error: Vertex not in group
Error: Vertex not in group
Error: Vertex not in group
Error: Vertex not in group
Error: Vertex not in group
Error: Vertex not in group
Error: Vertex not in group
Error: Vertex not in group
Error: Vertex not in group
Error: Vertex not in group
Error: Vertex not in group
Error: Vertex not in group
Error: Vertex not in group
Error: Vertex not in group
Error: Vertex not in group
Error: Vertex not in group
Error: Vertex not in group
Error: Vertex not in group
Error: Vertex not in group
Error: Vertex not in group
Error: Vertex not in group
Error: Vertex not in group
Error: Vertex not in group
Error: Vertex not in group
Error: Vertex not in group
Error: Vertex not in group
Error: Vertex not in group
Error: Vertex not in group
Error: Vertex not in group
Error: Vertex not in group
Error: Vertex not in group
Error: Vertex not in group
Error: Vertex not in group
Error: Vertex not in group
Error: Vertex not in group
Error: Vertex not in group
Error: Vertex not in group
Error: Vertex not in group
Error: Vertex not in group
Error: Vertex not in group
Error: Vertex not in group
Error: Vertex not in group
Error: Vertex not in group
Error: Vertex not in group
Error: Vertex not in group
Error: Vertex not in group
Error: Vertex not in group
Error: Vertex not in group
Error: Vertex not in group
Error: Vertex not in group
Error: Vertex not in group
Error: Vertex not in group
Error: Vertex not in group
Error: Vertex not in group
Error: Vertex not in group
Error: Vertex not in group
Error: Vertex not in group
Error: Vertex not in group
Error: Vertex not in group
Error: Vertex not in group
Error: Vertex not in group
Error: Vertex not in group
Error: Vertex not in group
Error: Vertex not in group
Error: Vertex not in group
Error: Vertex not in group
Error: Vertex not in group
Error: Vertex not in group
Error: Vertex not in group
Error: Vertex not in group
Error: Vertex not in group
Error: Vertex not in group
Error: Vertex not in group
Error: Vertex not in group
Error: Vertex not in group
Error: Vertex not in group
Error: Vertex not in group
Error: Vertex not in group
Error: Vertex not in group
Error: Vertex not in group
Error: Vertex not in group
Error: Vertex not in group
Error: Vertex not in group
Error: Vertex not in group
Error: Vertex not in group
Error: Vertex not in group
Error: Vertex not in group
Error: Vertex not in group
Error: Vertex not in group
Error: Vertex not in group
Error: Vertex not in group
Error: Vertex not in group
Error: Vertex not in group
Error: Vertex not in group
Error: Vertex not in group
Error: Vertex not in group
Error: Vertex not in group
Error: Vertex not in group
Error: Vertex not in group
Error: Vertex not in group
Error: Vertex not in group
Error: Vertex not in group
Error: Vertex not in group
Error: Vertex not in group
Error: Vertex not in group
Error: Vertex not in group
Error: Vertex not in group
Error: Vertex not in group
Error: Vertex not in group
Error: Vertex not in group
Error: Vertex not in group
Error: Vertex not in group
Error: Vertex not in group
Error: Vertex not in group
Error: Vertex not in group
Error: Vertex not in group
Error: Vertex not in group
Error: Vertex not in group
Error: Vertex not in group
Error: Vertex not in group
Error: Vertex not in group
Error: Vertex not in group
Error: Vertex not in group
Error: Vertex not in group
Error: Vertex not in group
Error: Vertex not in group
Error: Vertex not in group
Error: Vertex not in group
Error: Vertex not in group
Error: Vertex not in group
Error: Vertex not in group
Error: Vertex not in group
Error: Vertex not in group
Error: Vertex not in group
Error: Vertex not in group
Error: Vertex not in group
Error: Vertex not in group
Error: Vertex not in group
Error: Vertex not in group
Error: Vertex not in group
Error: Vertex not in group
Error: Vertex not in group
Error: Vertex not in group
Error: Vertex not in group
Error: Vertex not in group
Error: Vertex not in group
Error: Vertex not in group
Error: Vertex not in group
Error: Vertex not in group
Error: Vertex not in group
Error: Vertex not in group
Error: Vertex not in group
Error: Vertex not in group
Error: Vertex not in group
Error: Vertex not in group
Error: Vertex not in group
Error: Vertex not in group
Error: Vertex not in group
Error: Vertex not in group
Error: Vertex not in group
Error: Vertex not in group
Error: Vertex not in group
Error: Vertex not in group
Error: Vertex not in group
Error: Vertex not in group
Error: Vertex not in group
Error: Vertex not in group
Error: Vertex not in group
Error: Vertex not in group
Error: Vertex not in group
Error: Vertex not in group
Error: Vertex not in group
Error: Vertex not in group
Error: Vertex not in group
Error: Vertex not in group
Error: Vertex not in group
Error: Vertex not in group
Error: Vertex not in group
Error: Vertex not in group
Error: Vertex not in group
Error: Vertex not in group
Error: Vertex not in group
Error: Vertex not in group
Error: Vertex not in group
Error: Vertex not in group
Error: Vertex not in group
Error: Vertex not in group
Error: Vertex not in group
Error: Vertex not in group
Error: Vertex not in group
Error: Vertex not in group
Error: Vertex not in group
Error: Vertex not in group
Error: Vertex not in group
Error: Vertex not in group
Error: Vertex not in group
Error: Vertex not in group
Error: Vertex not in group
Error: Vertex not in group
Error: Vertex not in group
Error: Vertex not in group
Error: Vertex not in group
Error: Vertex not in group
Error: Vertex not in group
Error: Vertex not in group
Error: Vertex not in group
Error: Vertex not in group
Error: Vertex not in group
Error: Vertex not in group
Error: Vertex not in group
Error: Vertex not in group
Error: Vertex not in group
Error: Vertex not in group
Error: Vertex not in group
Error: Vertex not in group
Error: Vertex not in group
Error: Vertex not in group
Error: Vertex not in group
Error: Vertex not in group
Error: Vertex not in group
Error: Vertex not in group
Error: Vertex not in group
Error: Vertex not in group
Error: Vertex not in group
Error: Vertex not in group
Error: Vertex not in group
Error: Vertex not in group
Error: Vertex not in group
Error: Vertex not in group
Error: Vertex not in group
Error: Vertex not in group
Error: Vertex not in group
Error: Vertex not in group
Error: Vertex not in group
Error: Vertex not in group
Error: Vertex not in group
Error: Vertex not in group
Error: Vertex not in group
Error: Vertex not in group
Error: Vertex not in group
Error: Vertex not in group
Error: Vertex not in group
Error: Vertex not in group
Error: Vertex not in group
Error: Vertex not in group
Error: Vertex not in group
Error: Vertex not in group
Error: Vertex not in group
Error: Vertex not in group
Error: Vertex not in group
Error: Vertex not in group
Error: Vertex not in group
Error: Vertex not in group
Error: Vertex not in group
Error: Vertex not in group
Error: Vertex not in group
Error: Vertex not in group
Error: Vertex not in group
Error: Vertex not in group
Error: Vertex not in group
Error: Vertex not in group
Error: Vertex not in group
Error: Vertex not in group
Error: Vertex not in group
Error: Vertex not in group
Error: Vertex not in group
Error: Vertex not in group
Error: Vertex not in group
Error: Vertex not in group
Error: Vertex not in group
Error: Vertex not in group
Error: Vertex not in group
Error: Vertex not in group
Error: Vertex not in group
Error: Vertex not in group
Error: Vertex not in group
Error: Vertex not in group
Error: Vertex not in group
Error: Vertex not in group
Error: Vertex not in group
Error: Vertex not in group
Error: Vertex not in group
Error: Vertex not in group
Error: Vertex not in group
Error: Vertex not in group
Error: Vertex not in group
Error: Vertex not in group
Error: Vertex not in group
Error: Vertex not in group
Error: Vertex not in group
Error: Vertex not in group
Error: Vertex not in group
Error: Vertex not in group
Error: Vertex not in group
Error: Vertex not in group
Error: Vertex not in group
Error: Vertex not in group
Error: Vertex not in group
Error: Vertex not in group
Error: Vertex not in group
Error: Vertex not in group
Error: Vertex not in group
Error: Vertex not in group
Error: Vertex not in group
Error: Vertex not in group
Error: Vertex not in group
Error: Vertex not in group
Error: Vertex not in group
Error: Vertex not in group
Error: Vertex not in group
Error: Vertex not in group
Error: Vertex not in group
Error: Vertex not in group
Error: Vertex not in group
Error: Vertex not in group
Error: Vertex not in group
Error: Vertex not in group
Error: Vertex not in group
Error: Vertex not in group
Error: Vertex not in group
Error: Vertex not in group
Error: Vertex not in group
Error: Vertex not in group
Error: Vertex not in group
Error: Vertex not in group
Error: Vertex not in group
Error: Vertex not in group
Error: Vertex not in group
Error: Vertex not in group
Error: Vertex not in group
Error: Vertex not in group
Error: Vertex not in group
Error: Vertex not in group
Error: Vertex not in group
Error: Vertex not in group
Error: Vertex not in group
Error: Vertex not in group
Error: Vertex not in group
Error: Vertex not in group
Error: Vertex not in group
Error: Vertex not in group
Error: Vertex not in group
Error: Vertex not in group
Error: Vertex not in group
Error: Vertex not in group
Error: Vertex not in group
Error: Vertex not in group
Error: Vertex not in group
Error: Vertex not in group
Error: Vertex not in group
Error: Vertex not in group
Error: Vertex not in group
Error: Vertex not in group
Error: Vertex not in group
Error: Vertex not in group
Error: Vertex not in group
Error: Vertex not in group
Error: Vertex not in group
Error: Vertex not in group
Error: Vertex not in group
Error: Vertex not in group
Error: Vertex not in group
Error: Vertex not in group
Error: Vertex not in group
Error: Vertex not in group
Error: Vertex not in group
Error: Vertex not in group
Error: Vertex not in group
Error: Vertex not in group
Error: Vertex not in group
Error: Vertex not in group
Error: Vertex not in group
Error: Vertex not in group
Error: Vertex not in group
Error: Vertex not in group
Error: Vertex not in group
Error: Vertex not in group
Error: Vertex not in group
Error: Vertex not in group
Error: Vertex not in group
Error: Vertex not in group
Error: Vertex not in group
Error: Vertex not in group
Error: Vertex not in group
Error: Vertex not in group
Error: Vertex not in group
Error: Vertex not in group
Error: Vertex not in group
Error: Vertex not in group
Error: Vertex not in group
Error: Vertex not in group
Error: Vertex not in group
Error: Vertex not in group
Error: Vertex not in group
Error: Vertex not in group
Error: Vertex not in group
Error: Vertex not in group
Error: Vertex not in group
Error: Vertex not in group
Error: Vertex not in group
Error: Vertex not in group
Error: Vertex not in group
Error: Vertex not in group
Error: Vertex not in group
Error: Vertex not in group
Error: Vertex not in group
Error: Vertex not in group
Error: Vertex not in group
Error: Vertex not in group
Error: Vertex not in group
Error: Vertex not in group
Error: Vertex not in group
Error: Vertex not in group
Error: Vertex not in group
Error: Vertex not in group
Error: Vertex not in group
Error: Vertex not in group
Error: Vertex not in group
Error: Vertex not in group
Error: Vertex not in group
Error: Vertex not in group
Error: Vertex not in group
Error: Vertex not in group
Error: Vertex not in group
Error: Vertex not in group
Error: Vertex not in group
Error: Vertex not in group
Error: Vertex not in group
Error: Vertex not in group
Error: Vertex not in group
Error: Vertex not in group
Error: Vertex not in group
Error: Vertex not in group
Error: Vertex not in group
Error: Vertex not in group
Error: Vertex not in group
Error: Vertex not in group
Error: Vertex not in group
Error: Vertex not in group
Error: Vertex not in group
Error: Vertex not in group
Error: Vertex not in group
Error: Vertex not in group
Error: Vertex not in group
Error: Vertex not in group
Error: Vertex not in group
Error: Vertex not in group
Error: Vertex not in group
Error: Vertex not in group
Error: Vertex not in group
Error: Vertex not in group
Error: Vertex not in group
Error: Vertex not in group
Error: Vertex not in group
Error: Vertex not in group
Error: Vertex not in group
Error: Vertex not in group
Error: Vertex not in group
Error: Vertex not in group
Error: Vertex not in group
Error: Vertex not in group
Error: Vertex not in group
Error: Vertex not in group
Error: Vertex not in group
Error: Vertex not in group
Error: Vertex not in group
Error: Vertex not in group
Error: Vertex not in group
Error: Vertex not in group
Error: Vertex not in group
Error: Vertex not in group
Error: Vertex not in group
Error: Vertex not in group
Error: Vertex not in group
Error: Vertex not in group
Error: Vertex not in group
Error: Vertex not in group
Error: Vertex not in group
Error: Vertex not in group
Error: Vertex not in group
Error: Vertex not in group
Error: Vertex not in group
Error: Vertex not in group
Error: Vertex not in group
Error: Vertex not in group
Error: Vertex not in group
Error: Vertex not in group
Error: Vertex not in group
Error: Vertex not in group
Error: Vertex not in group
Error: Vertex not in group
Error: Vertex not in group
Error: Vertex not in group
Error: Vertex not in group
Error: Vertex not in group
Error: Vertex not in group
Error: Vertex not in group
Error: Vertex not in group
Error: Vertex not in group
Error: Vertex not in group
Error: Vertex not in group
Error: Vertex not in group
Error: Vertex not in group
Error: Vertex not in group
Error: Vertex not in group
Error: Vertex not in group
Error: Vertex not in group
Error: Vertex not in group
Error: Vertex not in group
Error: Vertex not in group
Error: Vertex not in group
Error: Vertex not in group
Error: Vertex not in group
Error: Vertex not in group
Error: Vertex not in group
Error: Vertex not in group
Error: Vertex not in group
Error: Vertex not in group
Error: Vertex not in group
Error: Vertex not in group
Error: Vertex not in group
Error: Vertex not in group
Error: Vertex not in group
Error: Vertex not in group
Error: Vertex not in group
Error: Vertex not in group
Error: Vertex not in group
Error: Vertex not in group
Error: Vertex not in group
Error: Vertex not in group
Error: Vertex not in group
Error: Vertex not in group
Error: Vertex not in group
Error: Vertex not in group
Error: Vertex not in group
Error: Vertex not in group
Error: Vertex not in group
Error: Vertex not in group
Error: Vertex not in group
Error: Vertex not in group
Error: Vertex not in group
Error: Vertex not in group
Error: Vertex not in group
Error: Vertex not in group
Error: Vertex not in group
Error: Vertex not in group
Error: Vertex not in group
Error: Vertex not in group
Error: Vertex not in group
Error: Vertex not in group
Error: Vertex not in group
Error: Vertex not in group
Error: Vertex not in group
Error: Vertex not in group
Error: Vertex not in group
Error: Vertex not in group
Error: Vertex not in group
Error: Vertex not in group
Error: Vertex not in group
Error: Vertex not in group
Error: Vertex not in group
Error: Vertex not in group
Error: Vertex not in group
Error: Vertex not in group
Error: Vertex not in group
Error: Vertex not in group
Error: Vertex not in group
Error: Vertex not in group
Error: Vertex not in group
Error: Vertex not in group
Error: Vertex not in group
Error: Vertex not in group
Error: Vertex not in group
Error: Vertex not in group
Error: Vertex not in group
Error: Vertex not in group
Error: Vertex not in group
Error: Vertex not in group
Error: Vertex not in group
Error: Vertex not in group
Error: Vertex not in group
Error: Vertex not in group
Error: Vertex not in group
Error: Vertex not in group
Error: Vertex not in group
Error: Vertex not in group
Error: Vertex not in group
Error: Vertex not in group
Error: Vertex not in group
Error: Vertex not in group
Error: Vertex not in group
Error: Vertex not in group
Error: Vertex not in group
Error: Vertex not in group
Error: Vertex not in group
Error: Vertex not in group
Error: Vertex not in group
Error: Vertex not in group
Error: Vertex not in group
Error: Vertex not in group
Error: Vertex not in group
Error: Vertex not in group
Error: Vertex not in group
Error: Vertex not in group
Error: Vertex not in group
Error: Vertex not in group
Error: Vertex not in group
Error: Vertex not in group
Error: Vertex not in group
Error: Vertex not in group
Error: Vertex not in group
Error: Vertex not in group
Error: Vertex not in group
Error: Vertex not in group
Error: Vertex not in group
Error: Vertex not in group
Error: Vertex not in group
Error: Vertex not in group
Error: Vertex not in group
Error: Vertex not in group
Error: Vertex not in group
Error: Vertex not in group
Error: Vertex not in group
Error: Vertex not in group
Error: Vertex not in group
Error: Vertex not in group
Error: Vertex not in group
Error: Vertex not in group
Error: Vertex not in group
Error: Vertex not in group
Error: Vertex not in group
Error: Vertex not in group
Error: Vertex not in group
Error: Vertex not in group
Error: Vertex not in group
Error: Vertex not in group
Error: Vertex not in group
Error: Vertex not in group
Error: Vertex not in group
Error: Vertex not in group
Error: Vertex not in group
Error: Vertex not in group
Error: Vertex not in group
Error: Vertex not in group
Error: Vertex not in group
Error: Vertex not in group
Error: Vertex not in group
Error: Vertex not in group
Error: Vertex not in group
Error: Vertex not in group
Error: Vertex not in group
Error: Vertex not in group
Error: Vertex not in group
Error: Vertex not in group
Error: Vertex not in group
Error: Vertex not in group
Error: Vertex not in group
Error: Vertex not in group
Error: Vertex not in group
Error: Vertex not in group
Error: Vertex not in group
Error: Vertex not in group
Error: Vertex not in group
Error: Vertex not in group
Error: Vertex not in group
Error: Vertex not in group
Error: Vertex not in group
Error: Vertex not in group
Error: Vertex not in group
Error: Vertex not in group
Error: Vertex not in group
Error: Vertex not in group
Error: Vertex not in group
Error: Vertex not in group
Error: Vertex not in group
Error: Vertex not in group
Error: Vertex not in group
Error: Vertex not in group
Error: Vertex not in group
Error: Vertex not in group
Error: Vertex not in group
Error: Vertex not in group
Error: Vertex not in group
Error: Vertex not in group
Error: Vertex not in group
Error: Vertex not in group
Error: Vertex not in group
Error: Vertex not in group
Error: Vertex not in group
Error: Vertex not in group
Error: Vertex not in group
Error: Vertex not in group
Error: Vertex not in group
Error: Vertex not in group
Error: Vertex not in group
Error: Vertex not in group
Error: Vertex not in group
Error: Vertex not in group
Error: Vertex not in group
Error: Vertex not in group
Error: Vertex not in group
Error: Vertex not in group
Error: Vertex not in group
Error: Vertex not in group
Error: Vertex not in group
Error: Vertex not in group
Error: Vertex not in group
Error: Vertex not in group
Error: Vertex not in group
Error: Vertex not in group
Error: Vertex not in group
Error: Vertex not in group
Error: Vertex not in group
Error: Vertex not in group
Error: Vertex not in group
Error: Vertex not in group
Error: Vertex not in group
Error: Vertex not in group
Error: Vertex not in group
Error: Vertex not in group
Error: Vertex not in group
Error: Vertex not in group
Error: Vertex not in group
Error: Vertex not in group
Error: Vertex not in group
Error: Vertex not in group
Error: Vertex not in group
Error: Vertex not in group
Error: Vertex not in group
Error: Vertex not in group
Error: Vertex not in group
Error: Vertex not in group
Error: Vertex not in group
Error: Vertex not in group
Error: Vertex not in group
Error: Vertex not in group
Error: Vertex not in group
Error: Vertex not in group
Error: Vertex not in group
Error: Vertex not in group
Error: Vertex not in group
Error: Vertex not in group
Error: Vertex not in group
Error: Vertex not in group
Error: Vertex not in group
Error: Vertex not in group
Error: Vertex not in group
Error: Vertex not in group
Error: Vertex not in group
Error: Vertex not in group
Error: Vertex not in group
Error: Vertex not in group
Error: Vertex not in group
Error: Vertex not in group
Error: Vertex not in group
Error: Vertex not in group
Error: Vertex not in group
Error: Vertex not in group
Error: Vertex not in group
Error: Vertex not in group
Error: Vertex not in group
Error: Vertex not in group
Error: Vertex not in group
Error: Vertex not in group
Error: Vertex not in group
Error: Vertex not in group
Error: Vertex not in group
Error: Vertex not in group
Error: Vertex not in group
Error: Vertex not in group
Error: Vertex not in group
Error: Vertex not in group
Error: Vertex not in group
Error: Vertex not in group
Error: Vertex not in group
Error: Vertex not in group
Error: Vertex not in group
Error: Vertex not in group
Error: Vertex not in group
Error: Vertex not in group
Error: Vertex not in group
Error: Vertex not in group
Error: Vertex not in group
Error: Vertex not in group
Error: Vertex not in group
Error: Vertex not in group
Error: Vertex not in group
Error: Vertex not in group
Error: Vertex not in group
Error: Vertex not in group
Error: Vertex not in group
Error: Vertex not in group
Error: Vertex not in group
Error: Vertex not in group
Error: Vertex not in group
Error: Vertex not in group
Error: Vertex not in group
Error: Vertex not in group
Error: Vertex not in group
Error: Vertex not in group
Error: Vertex not in group
Error: Vertex not in group
Error: Vertex not in group
Error: Vertex not in group
Error: Vertex not in group
Error: Vertex not in group
Error: Vertex not in group
Error: Vertex not in group
Error: Vertex not in group
Error: Vertex not in group
Error: Vertex not in group
Error: Vertex not in group
Error: Vertex not in group
Error: Vertex not in group
Error: Vertex not in group
Error: Vertex not in group
Error: Vertex not in group
Error: Vertex not in group
Error: Vertex not in group
Error: Vertex not in group
Error: Vertex not in group
Error: Vertex not in group
Error: Vertex not in group
Error: Vertex not in group
Error: Vertex not in group
Error: Vertex not in group
Error: Vertex not in group
Error: Vertex not in group
Error: Vertex not in group
Error: Vertex not in group
Error: Vertex not in group
Error: Vertex not in group
Error: Vertex not in group
Error: Vertex not in group
Error: Vertex not in group
Error: Vertex not in group
Error: Vertex not in group
Error: Vertex not in group
Error: Vertex not in group
Error: Vertex not in group
Error: Vertex not in group
Error: Vertex not in group
Error: Vertex not in group
Error: Vertex not in group
Error: Vertex not in group
Error: Vertex not in group
Error: Vertex not in group
Error: Vertex not in group
Error: Vertex not in group
Error: Vertex not in group
Error: Vertex not in group
Error: Vertex not in group
Error: Vertex not in group
Error: Vertex not in group
Error: Vertex not in group
Error: Vertex not in group
Error: Vertex not in group
Error: Vertex not in group
Error: Vertex not in group
Error: Vertex not in group
Error: Vertex not in group
Error: Vertex not in group
Error: Vertex not in group
Error: Vertex not in group
Error: Vertex not in group
Error: Vertex not in group
Error: Vertex not in group
Error: Vertex not in group
Error: Vertex not in group
Error: Vertex not in group
Error: Vertex not in group
Error: Vertex not in group
Error: Vertex not in group
Error: Vertex not in group
Error: Vertex not in group
Error: Vertex not in group
Error: Vertex not in group
Error: Vertex not in group
Error: Vertex not in group
Error: Vertex not in group
Error: Vertex not in group
Error: Vertex not in group
Error: Vertex not in group
Error: Vertex not in group
Error: Vertex not in group
Error: Vertex not in group
Error: Vertex not in group
Error: Vertex not in group
Error: Vertex not in group
Error: Vertex not in group
Error: Vertex not in group
Error: Vertex not in group
Error: Vertex not in group
Error: Vertex not in group
Error: Vertex not in group
Error: Vertex not in group
Error: Vertex not in group
Error: Vertex not in group
Error: Vertex not in group
Error: Vertex not in group
Error: Vertex not in group
Error: Vertex not in group
Error: Vertex not in group
Error: Vertex not in group
Error: Vertex not in group
Error: Vertex not in group
Error: Vertex not in group
Error: Vertex not in group
Error: Vertex not in group
Error: Vertex not in group
Error: Vertex not in group
Error: Vertex not in group
Error: Vertex not in group
Error: Vertex not in group
Error: Vertex not in group
Error: Vertex not in group
Error: Vertex not in group
Error: Vertex not in group
Error: Vertex not in group
Error: Vertex not in group
Error: Vertex not in group
Error: Vertex not in group
Error: Vertex not in group
Error: Vertex not in group
Error: Vertex not in group
Error: Vertex not in group
Error: Vertex not in group
Error: Vertex not in group
Error: Vertex not in group
Error: Vertex not in group
Error: Vertex not in group
Error: Vertex not in group
Error: Vertex not in group
Error: Vertex not in group
Error: Vertex not in group
Error: Vertex not in group
Error: Vertex not in group
Error: Vertex not in group
Error: Vertex not in group
Error: Vertex not in group
Error: Vertex not in group
Error: Vertex not in group
Error: Vertex not in group
Error: Vertex not in group
Error: Vertex not in group
Error: Vertex not in group
Error: Vertex not in group
Error: Vertex not in group
Error: Vertex not in group
Error: Vertex not in group
Error: Vertex not in group
Error: Vertex not in group
Error: Vertex not in group
Error: Vertex not in group
Error: Vertex not in group
Error: Vertex not in group
Error: Vertex not in group
Error: Vertex not in group
Error: Vertex not in group
Error: Vertex not in group
Error: Vertex not in group
Error: Vertex not in group
Error: Vertex not in group
Error: Vertex not in group
Error: Vertex not in group
Error: Vertex not in group
Error: Vertex not in group
Error: Vertex not in group
Error: Vertex not in group
Error: Vertex not in group
Error: Vertex not in group
Error: Vertex not in group
Error: Vertex not in group
Error: Vertex not in group
Error: Vertex not in group
Error: Vertex not in group
Error: Vertex not in group
Error: Vertex not in group
Error: Vertex not in group
Error: Vertex not in group
Error: Vertex not in group
Error: Vertex not in group
Error: Vertex not in group
Error: Vertex not in group
Error: Vertex not in group
Error: Vertex not in group
Error: Vertex not in group
Error: Vertex not in group
Error: Vertex not in group
Error: Vertex not in group
Error: Vertex not in group
Error: Vertex not in group
Error: Vertex not in group
Error: Vertex not in group
Error: Vertex not in group
Error: Vertex not in group
Error: Vertex not in group
Error: Vertex not in group
Error: Vertex not in group
Error: Vertex not in group
Error: Vertex not in group
Error: Vertex not in group
Error: Vertex not in group
Error: Vertex not in group
Error: Vertex not in group
Error: Vertex not in group
Error: Vertex not in group
Error: Vertex not in group
Error: Vertex not in group
Error: Vertex not in group
Error: Vertex not in group
Error: Vertex not in group
Error: Vertex not in group
Error: Vertex not in group
Error: Vertex not in group
Error: Vertex not in group
Error: Vertex not in group
Error: Vertex not in group
Error: Vertex not in group
Error: Vertex not in group
Error: Vertex not in group
Error: Vertex not in group
Error: Vertex not in group
Error: Vertex not in group
Error: Vertex not in group
Error: Vertex not in group
Error: Vertex not in group
Error: Vertex not in group
Error: Vertex not in group
Error: Vertex not in group
Error: Vertex not in group
Error: Vertex not in group
Error: Vertex not in group
Error: Vertex not in group
Error: Vertex not in group
Error: Vertex not in group
Error: Vertex not in group
Error: Vertex not in group
Error: Vertex not in group
Error: Vertex not in group
Error: Vertex not in group
Error: Vertex not in group
Error: Vertex not in group
Error: Vertex not in group
Error: Vertex not in group
Error: Vertex not in group
Error: Vertex not in group
Error: Vertex not in group
Error: Vertex not in group
Error: Vertex not in group
Error: Vertex not in group
Error: Vertex not in group
Error: Vertex not in group
Error: Vertex not in group
Error: Vertex not in group
Error: Vertex not in group
Error: Vertex not in group
[Akku SDK][INFO] Kitbash library initialized with 12 parts
[Akku SDK][INFO] Created stylized material: Akku_Stylized_Knight_Helmet
  Data: {
  "edge_brightness": 0.3,
  "cavity_darkness": 0.35,
  "use_fresnel": true
}
[Akku SDK][INFO] Applied stylized shader to Knight_Helmet
  Data: {
  "style": "stylized"
}
[Akku SDK][INFO] Cleaned up 45 empty vertex groups
[Akku SDK][INFO] Equipped part: Knight_Helmet
  Data: {
  "category": "helmet",
  "bone": "mixamorig:Head"
}
[Akku SDK][INFO] Created stylized material: Akku_Stylized_Knight_Shoulder_L
  Data: {
  "edge_brightness": 0.3,
  "cavity_darkness": 0.35,
  "use_fresnel": true
}
[Akku SDK][INFO] Applied stylized shader to Knight_Shoulder_L
  Data: {
  "style": "stylized"
}
[Akku SDK][INFO] Cleaned up 45 empty vertex groups
[Akku SDK][INFO] Equipped part: Knight_Shoulder_L
  Data: {
  "category": "shoulder",
  "bone": "mixamorig:LeftShoulder"
}
[Akku SDK][INFO] Created stylized material: Akku_Stylized_Knight_Shoulder_R
  Data: {
  "edge_brightness": 0.3,
  "cavity_darkness": 0.35,
  "use_fresnel": true
}
[Akku SDK][INFO] Applied stylized shader to Knight_Shoulder_R
  Data: {
  "style": "stylized"
}
[Akku SDK][INFO] Cleaned up 45 empty vertex groups
[Akku SDK][INFO] Equipped part: Knight_Shoulder_R
  Data: {
  "category": "shoulder",
  "bone": "mixamorig:RightShoulder"
}
[Akku SDK][INFO] Created stylized material: Akku_Stylized_Knight_Chestplate
  Data: {
  "edge_brightness": 0.3,
  "cavity_darkness": 0.35,
  "use_fresnel": true
}
[Akku SDK][INFO] Applied stylized shader to Knight_Chestplate
  Data: {
  "style": "stylized"
}
[Akku SDK][INFO] Cleaned up 45 empty vertex groups
[Akku SDK][INFO] Equipped part: Knight_Chestplate
  Data: {
  "category": "chest",
  "bone": "mixamorig:Spine2"
}
[Akku SDK][INFO] Created stylized material: Akku_Stylized_Heavy_Boots_L
  Data: {
  "edge_brightness": 0.3,
  "cavity_darkness": 0.35,
  "use_fresnel": true
}
[Akku SDK][INFO] Applied stylized shader to Heavy_Boots_L
  Data: {
  "style": "stylized"
}
[Akku SDK][INFO] Cleaned up 45 empty vertex groups
[Akku SDK][INFO] Equipped part: Heavy_Boots_L
  Data: {
  "category": "boots",
  "bone": "mixamorig:LeftFoot"
}
[Akku SDK][INFO] Created stylized material: Akku_Stylized_Heavy_Boots_R
  Data: {
  "edge_brightness": 0.3,
  "cavity_darkness": 0.35,
  "use_fresnel": true
}
[Akku SDK][INFO] Applied stylized shader to Heavy_Boots_R
  Data: {
  "style": "stylized"
}
[Akku SDK][INFO] Cleaned up 45 empty vertex groups
[Akku SDK][INFO] Equipped part: Heavy_Boots_R
  Data: {
  "category": "boots",
  "bone": "mixamorig:RightFoot"
}
[Akku SDK][INFO] Created stylized material: Akku_Stylized_Knight_Gauntlet_L
  Data: {
  "edge_brightness": 0.3,
  "cavity_darkness": 0.35,
  "use_fresnel": true
}
[Akku SDK][INFO] Applied stylized shader to Knight_Gauntlet_L
  Data: {
  "style": "stylized"
}
[Akku SDK][INFO] Cleaned up 45 empty vertex groups
[Akku SDK][INFO] Equipped part: Knight_Gauntlet_L
  Data: {
  "category": "gauntlet",
  "bone": "mixamorig:LeftForeArm"
}
[Akku SDK][INFO] Created stylized material: Akku_Stylized_Knight_Gauntlet_R
  Data: {
  "edge_brightness": 0.3,
  "cavity_darkness": 0.35,
  "use_fresnel": true
}
[Akku SDK][INFO] Applied stylized shader to Knight_Gauntlet_R
  Data: {
  "style": "stylized"
}
[Akku SDK][INFO] Cleaned up 45 empty vertex groups
[Akku SDK][INFO] Equipped part: Knight_Gauntlet_R
  Data: {
  "category": "gauntlet",
  "bone": "mixamorig:RightForeArm"
}
[Akku SDK][INFO] Created stylized material: Akku_Stylized_Knight_Sword
  Data: {
  "edge_brightness": 0.3,
  "cavity_darkness": 0.35,
  "use_fresnel": true
}
[Akku SDK][INFO] Applied stylized shader to Knight_Sword
  Data: {
  "style": "stylized"
}
[Akku SDK][INFO] Cleaned up 45 empty vertex groups
[Akku SDK][INFO] Equipped part: Knight_Sword
  Data: {
  "category": "weapon",
  "bone": "mixamorig:RightHand"
}
[Akku SDK][INFO] Created stylized material: Akku_Stylized_Knight_Shield
  Data: {
  "edge_brightness": 0.3,
  "cavity_darkness": 0.35,
  "use_fresnel": true
}
[Akku SDK][INFO] Applied stylized shader to Knight_Shield
  Data: {
  "style": "stylized"
}
[Akku SDK][INFO] Cleaned up 45 empty vertex groups
[Akku SDK][INFO] Equipped part: Knight_Shield
  Data: {
  "category": "shield",
  "bone": "mixamorig:LeftForeArm"
}
[Akku SDK][INFO] Step 'equip_set': SUCCESS
  Data: {
  "duration_ms": 122.51520156860352,
  "mesh_stats": {
    "vertex_count": 10514,
    "face_count": 11120,
    "triangle_count": 20840,
    "edge_count": 21540,
    "material_count": 1,
    "bounds_min": [
      -0.9452752470970154,
      -0.1396786868572235,
      0.007688506506383419
    ],
    "bounds_max": [
      0.9452717304229736,
      0.1359248012304306,
      1.598390817642212
    ],
    "height": 1.5907023111358285
  }
}
[Akku SDK][INFO] Executing tool: finalize
DEBUG: Starting finalize
Error: Python: Traceback (most recent call last):
  File "/home/composerkil/akku-engine/akku-sdk-v3.py", line 125, in <module>
    success = generate_character(prompt, style, poly_level, output_path, gender, body_type, use_remesh)
              ^^^^^^^^^^^^^^^^^^^^^^^^^^^^^^^^^^^^^^^^^^^^^^^^^^^^^^^^^^^^^^^^^^^^^^^^^^^^^^^^^^^^^^^^^
  File "/home/composerkil/akku-engine/akku-sdk-v3.py", line 101, in generate_character
    finalize(platform="mobile", target_tris=target_tris)
  File "/home/composerkil/akku-engine/akku_sdk/tools.py", line 81, in wrapper
    result = func(*args, **kwargs)
             ^^^^^^^^^^^^^^^^^^^^^
  File "/home/composerkil/akku-engine/akku_sdk/main.py", line 106, in finalize
    results = FinalizePipeline.finalize_for_platform(objects, platform_enum)
              ^^^^^^^^^^^^^^^^^^^^^^^^^^^^^^^^^^^^^^^^^^^^^^^^^^^^^^^^^^^^^^
  File "/home/composerkil/akku-engine/akku_sdk/finalize.py", line 254, in finalize_for_platform
    MeshOptimizer.optimize_mesh(obj)
  File "/home/composerkil/akku-engine/akku_sdk/finalize.py", line 88, in optimize_mesh
    results["doubles_removed"] = MeshOptimizer.remove_doubles(obj)
                                 ^^^^^^^^^^^^^^^^^^^^^^^^^^^^^^^^^
  File "/home/composerkil/akku-engine/akku_sdk/finalize.py", line 51, in remove_doubles
    removed = len(result.get('verts', []))
                  ^^^^^^^^^^
AttributeError: 'NoneType' object has no attribute 'get'
[Akku SDK][INFO] Decimated Alpha_Joints: 20840 -> 2032 tris
[Akku SDK][INFO] Decimated Alpha_Surface: 34480 -> 2362 tris
[Akku SDK][INFO] Step 'finalize': FAILED
  Data: {
  "duration_ms": 412.7025604248047,
  "mesh_stats": {
    "vertex_count": 1110,
    "face_count": 2032,
    "triangle_count": 2032,
    "edge_count": 3048,
    "material_count": 1,
    "bounds_min": [
      -0.9456960558891296,
      -0.1394716054201126,
      0.007058268878608942
    ],
    "bounds_max": [
      0.9448856115341187,
      0.135422483086586,
      1.5979140996932983
    ],
    "height": 1.5908558308146894
  }
}

Blender quit
